AI_ID,序号,描述,策略类型,激活事件列表,打断事件列表,条件列表,行为列表,条件不满足时是否终止,是否可以重复激活,终止条件检测间隔(毫秒),分数,是否输出调试信息
ValueType,ValueType,Object,Enum,Object,Object,Object,Object,Enum,Enum,Object,Object,Enum
1,0,防御塔优先攻击射程内敌方凶手,2,5;,2;,1;2;45;,75;,0,0,100,9,0
1,4,防御塔无兵强化buff,4,13;,2;,134;,98;,0,0,100,10,0
1,1,防御塔主动攻击,2,12;,2;13;,46;,145;,0,0,100,5,0
1,2,防御塔免疫吸血和反隐（buff）破甲和死亡删除小龙防御buff,0,1;,,,205;217;193;764;482;1054;,0,0,100,10,0
1,3,警戒判断,0,21;,2;22;,,499;,0,0,100,1,0
1,6,防御塔删除小龙防御buff,0,1;,2;,,1;,0,0,100,10,0
1,5,预警,0,21;,2;22;,,317;,0,0,100,1,0
1,7,攻击敌方小龙,2,12;,2;22;,865;,615;,0,0,100,6,0
1,8,结界buff,0,1;,2;,,867;,0,0,100,11,0
2,0,红BUFF（受伤反击敌人）,1,4;5;,2;,3;8;,4;,0,0,100,10,0
2,1,红BUFF（调头回血）,1,8;,2;,4;,5;,0,0,100,20,0
2,2,红BUFF（惩戒被检测buff）,0,1;,2;,,176;,0,0,100,1,0
2,3,红BUFF（丢失视野回归）野怪检测草丛以内,1,8;,2;,553;,221;,0,0,100,21,0
2,4,出生加升级BUFF,0,1;,,,666;,0,1,100,30,0
3,0,蓝buff（受伤反击敌方英雄）,1,4;5;,2;,5;203;,6;,0,0,100,10,0
3,1,蓝buff（调头回血）,1,8;,2;,6;,7;,0,0,100,20,0
3,2,惩戒被检测buff,0,1;,2;,,177;,0,0,100,1,0
3,3,蓝BUFF（丢失视野回归）野怪检测草丛以内,1,8;,2;,554;,222;,0,0,100,21,0
3,4,出生加升级BUFF,0,1;,,,667;,0,0,100,23,0
4,3,河道龟（回血）周围无敌人,1,0;,2;,478;1384;,290;,0,0,100,12,0
4,0,河蟹（散步）,1,1;3;,2;,,8;,0,0,100,13,0
4,1,出生加升级BUFF,0,1;,,,668;,0,0,100,30,0
5,0,远程兵（攻击事件）,3,12;23;,2;,9;,10;,0,0,100,20,0
5,1,远程兵（巡逻事件）,3,1;23;,2;,,11;812;,0,0,100,10,0
5,2,远程兵(靠近),3,12;23;,2;,1379;,46;,0,0,100,15,0
5,3,进入敌方视野警戒,0,21;,2;22;,,789;,0,0,100,1,0
5,4,攻击敌方凶手,3,5;,2;,662;663;664;,831;,0,0,100,30,0
11,0,近战兵（攻击）,3,12;23;,2;,21;,22;,0,0,100,20,0
11,1,近战兵（巡逻）,3,1;23;,2;,,23;813;,0,0,100,10,0
11,2,近战兵(靠近),3,12;23;,2;,40;,82;,0,0,100,15,0
11,3,进入敌方视野警戒,0,21;,2;22;,,790;,0,0,100,1,0
11,4,攻击凶手,3,5;,2;,665;666;667;,832;,0,0,100,30,0
24,0,泉水buff（给己方英雄带来泉水效果）,3,1;,,,94;143;,0,0,100,99,0
24,2,泉水buff（给敌方英雄造成真实伤害）,3,1;,,,96;,0,0,100,98,0
24,1,警示（无论阵营）,0,0;,2;,,520;,0,0,100,1,0
6,0,熊（反击）,1,4;5;,2;,11;12;,178;,0,0,100,10,0
6,1,熊（返回）,1,8;,2;,15;,179;,0,0,100,20,0
6,2,惩戒检测buff,0,1;,2;,,180;,0,0,100,10,0
6,3,熊（丢失视野回归）野怪检测草丛以内,1,8;,2;,555;,223;,0,0,100,21,0
6,4,出生加升级BUFF,0,1;,,,669;,0,0,100,30,0
8,0,大鹿（反击）,1,4;5;,2;,16;19;,181;,0,0,100,10,0
8,1,大鹿（调头）,1,8;,2;,20;,182;,0,0,100,20,0
8,2,惩戒检测buff,0,1;,2;,,183;,0,0,100,10,0
8,3,大鹿（丢失视野回归）野怪检测草丛以内,1,8;,2;,556;,224;,0,0,100,21,0
8,4,出生加升级BUFF,0,1;,,,670;,0,0,100,30,0
10,0,大蜘蛛（反击）,1,4;5;,2;,23;24;,184;,0,0,100,10,0
10,1,大蜘蛛（调头）,1,8;,2;,27;,185;,0,0,100,20,0
10,2,惩戒检测buff,0,1;,2;,,186;,0,0,100,10,0
10,3,大蜘蛛（丢失视野回归）野怪检测草丛以内,1,8;,2;,557;,225;,0,0,100,21,0
10,4,出生加升级BUFF,0,1;,,,671;,0,0,100,30,0
12,0,四鸟（反击）,1,4;5;,2;,28;31;,187;,0,0,100,10,0
12,1,四鸟（调头）,1,8;,2;,32;,188;,0,0,100,20,0
12,2,惩戒检测buff,0,1;,2;,,189;,0,0,100,10,0
12,3,四鸟（丢失视野回归）野怪检测草丛以内,1,8;,2;,558;,226;,0,0,100,21,0
12,4,出生加升级BUFF,0,1;,,,672;,0,0,100,30,0
14,1,周围10米无敌人（回血）,1,13;,2;,105;,192;,0,0,100,20,0
14,2,大龙（免控及减伤buff）及升级buff,3,1;,2;,,196;197;521;,0,0,100,10,0
14,4,大龙（攻击）优先打最近敌人,2,4;,2;,53;,199;,0,0,100,11,0
14,0,警示,0,0;,2;,,519;,0,0,100,1,0
16,0,小龙（反击）,1,4;,2;,54;,200;794;,0,0,100,10,0
16,1,返回（回血）,1,8;,2;,55;,201;796;,0,0,100,20,0
16,2,小龙（免控BUFF加升级BUFF）,0,1;,2;,,202;204;,0,0,100,10,0
16,3,小龙（丢失视野回归）野怪检测草丛以内,1,8;,2;,559;,227;797;,0,0,100,21,0
16,5,小龙（定时必杀技）,2,4;,2;8;,1380;,793;,0,0,100,5,0
16,6,小龙（判断buff回归）,1,0;,2;,1269;,795;798;,0,0,100,25,0
23,0,小红buff（反击）,1,4;5;,2;,56;57;,195;,0,0,100,10,0
23,1,小红buff（调头）,1,8;,2;,58;,203;,0,0,100,20,0
23,2,小红buff（丢失视野回归）野怪检测草丛以内,1,8;,2;,560;,228;,0,0,100,21,0
23,3,出生加升级BUFF,0,1;,,,673;,0,0,100,30,0
27,0,小蓝buff（反击）,1,4;5;,2;,59;60;,206;,0,0,100,10,0
27,1,小蓝buff（调头）,1,8;,2;,61;,207;,0,0,100,20,0
27,2,小蓝buff（丢失视野回归）野怪检测草丛以内,1,8;,2;,561;,229;,0,0,100,21,0
27,3,出生加升级BUFF,0,1;,,,674;,0,0,100,30,0
28,0,小鹿（反击）,1,4;5;,2;,62;63;,208;,0,0,100,10,0
28,1,小鹿（调头）,1,8;,2;,64;,209;,0,0,100,20,0
28,2,小鹿（丢失视野回归）野怪检测草丛以内,1,8;,2;,562;,230;,0,0,100,21,0
28,3,出生加升级BUFF,0,1;,,,675;,0,0,100,30,0
29,0,小蜘蛛（反击）,1,4;5;,2;,65;66;,210;,0,0,100,10,0
29,1,小蜘蛛（调头）,1,8;,2;,67;,211;,0,0,100,20,0
29,2,小蜘蛛（丢失视野回归）野怪检测草丛以内,1,8;,2;,563;,240;,0,0,100,21,0
29,3,出生加升级BUFF,0,1;,,,676;,0,0,100,30,0
30,0,小F4,1,4;5;,2;,68;69;,212;,0,0,100,10,0
30,1,小F4,1,8;,2;,70;,213;,0,0,100,20,0
30,2,小F4（丢失视野回归）野怪检测草丛以内,1,8;,2;,564;,241;,0,0,100,21,0
30,3,出生加升级BUFF,0,1;,,,677;,0,0,100,30,0
31,0,饰品眼（自杀buff）,0,1;,,,350;,0,0,100,10,0
31,1,饰品眼（隐身和反隐buff）,0,1;,2;,,522;,0,0,100,11,0
32,0,洞察之眼（反隐及隐身buff）,0,1;,2;,,214;,0,0,100,10,0
32,1,洞察之眼（自杀buff）,3,1;,,,348;,0,0,100,10,0
7,0,男巫分身随机移动,1,1;,2;,,14;,0,0,100,1,0
7,1,男巫分身定时消失,3,1;,2;,,829;,0,0,100,2,0
9,0,水晶（免疫吸血）,0,1;3;,2;,,169;,0,0,100,1,0
9,3,回血buff,0,1;3;,2;,,786;,0,0,100,2,0
9,1,结界buff,0,1;3;,2;,,868;,0,0,100,3,0
37,0,河道蟹（被击杀产生的怪物）自杀,0,1;,,,414;,0,0,100,1,0
38,0,基地透明围墙（无敌buff）,0,1;,,,534;,0,0,100,1,0
39,0,红色方一阵营基地（免疫吸血加光效）,0,1;,2;,,535;538;,0,0,100,1,0
39,1,回血buff,0,1;,2;,,787;,0,0,100,2,0
39,2,结界buff,0,1;,2;,,869;,0,0,100,3,0
40,0,蓝色方二阵营基地（免疫吸血加光效）,0,1;,2;,,536;537;,0,0,100,1,0
40,1,回血buff,0,1;,2;,,788;,0,0,100,2,0
40,2,结界buff,0,1;,2;,,870;,0,0,100,3,0
42,0,布兰怪物buff（出生及复活添加）死亡清除,0,1;3;,2;,,344;842;,0,0,100,1,0
43,0,泉水buff（给己方英雄带来泉水所有效果）,3,1;,,,591;705;,0,0,100,99,0
43,2,泉水攻击最近单位,2,12;,13;,1275;,589;,0,0,100,99,0
43,1,警示（无论阵营）,0,0;,2;,,590;,0,0,100,1,0
48,0,防御塔优先攻击射程内敌方凶手,2,5;,2;,1366;1367;1368;,635;,0,0,100,9,0
48,4,防御塔无兵强化buff,4,13;,2;,1369;,636;,0,0,100,10,0
48,1,防御塔主动攻击,2,12;,2;13;,1370;,637;,0,0,100,5,0
48,2,防御塔免疫吸血和反隐（buff）破甲,0,1;,2;,,638;639;640;765;1055;,0,0,100,10,0
48,3,警戒判断,0,21;,2;22;,,641;,0,0,100,1,0
48,5,预警,0,21;,2;22;,,318;,0,0,100,1,0
49,0,回血阵（不可选中）,0,1;,2;,,292;,0,0,200,10,0
49,1,加血技能,2,15;,2;,214;,40;85;,0,0,600,10,0
50,1,靠近己方泉水（血量0.4以下）,1,1;,2;,268;,139;,0,0,100,1000,0
50,2,靠近敌方泉水（血量0.4以上）,1,1;,2;,402;,296;,0,0,100,800,0
50,0,主人学习天赋后（激活高等级策略）,1,0;1;,2;,91;,754;,0,0,100,10000,0
50,3,倒计时自杀10s,0,1;,2;,,216;,0,0,100,1,0
51,0,减速场,0,1;,2;,,3;305;,0,0,100,1,0
52,0,傀儡小龙（优先打塔）,1,0;,2;,255;,86;,0,0,100,80,1
52,1,傀儡小龙（巡逻事件）,1,0;,2;,,114;,0,0,100,1,1
52,2,傀儡小龙（第二攻击水晶）,1,0;,2;,318;,161;,0,0,100,90,0
52,3,傀儡小龙（第三打敌人基地）,1,0;,2;,319;,162;,0,0,100,100,0
52,4,免疫控制和防御强化,0,1;,2;,,301;762;876;,0,0,100,1000,0
52,5,傀儡小龙（第四打小兵）,1,0;,2;,1205;,703;,0,0,100,70,0
53,0,傀儡小龙（优先打塔）,1,0;,2;,266;,115;,0,0,100,80,0
53,1,傀儡小龙（巡逻事件）,1,0;,2;,,138;,0,0,100,1,0
53,2,傀儡小龙（第二打水晶）,1,0;,2;,372;,232;,0,0,100,90,0
53,3,傀儡小龙（第三打敌基地）,1,0;,2;,373;,254;,0,0,100,100,0
53,4,免疫控制和防御强化,0,1;,2;,,555;763;,0,0,100,1000,0
53,5,傀儡小龙（第四打小兵）,2,0;,2;,1383;,803;,0,0,100,70,0
56,0,龙血外形（不可选择且无敌）,0,1;,2;,,299;556;,0,0,200,10,0
56,1,龙血变身,2,0;,2;,465;451;452;,99;300;,0,0,600,10,0
56,2,消失（两分钟无人拾取时）,3,1;,,,352;,0,0,200,20,0
67,0,出生添加buff,3,1;,2;,,480;,0,0,100,1,0
67,1,（技能）判断自身有无buff,2,0;,2;,1385;1386;,805;,0,0,100,22,0
67,2,技能（判断有无敌人）,2,0;,2;,1389;,625;,0,0,100,23,0
69,0,出生添加buff,3,1;,2;,,481;,0,0,100,1,0
69,1,检测buff放技能,2,0;,2;,637;,822;,0,0,100,2,0
69,2,检测buff放技能,2,0;,2;,638;,823;,0,0,100,3,0
54,42,反击,1,0;,2;,977;970;,283;,0,0,100,1,0
55,0,复活buff（残血时）,3,0;,,971;,266;,0,0,100,1,0
71,1,附近没人跟随主人,1,0;,2;,988;,497;,0,0,1000,700,0
71,2,攻击主人攻击目标,1,18;,2;,989;,498;,0,0,1000,900,0
71,3,攻击最近的目标,1,0;,2;,990;,500;,0,0,1000,800,0
71,4,判断主人buff（获得防御加成）,3,0;,2;,991;,501;502;,0,0,1,1,0
72,0,出生加buff,3,1;,2;,,486;514;,0,0,100,1,0
72,2,技能（判断敌人距离）,2,0;,2;,1391;,808;,0,0,100,23,0
72,1,技能判断有无buff,2,0;,2;,455;456;,530;,0,0,100,22,0
73,1,附近没人跟随主人,1,0;,2;,995;,485;,0,0,1000,700,0
73,2,攻击主人攻击目标,1,18;,2;,997;,515;,0,0,1000,900,0
73,3,攻击最近的目标,1,0;,2;,999;,516;,0,0,1000,800,0
73,4,判断主人buff（获得防御加成）,3,0;,2;,1001;,517;518;,0,0,1,1,0
73,0,腐蚀尸毒,4,1;,2;,,493;,0,0,1,1,0
74,0,增加50金币,3,1;,,,523;,0,0,1,1,0
75,1,倒计时自杀,0,1;3;,2;,,340;,0,0,100,1000,0
76,1,倒计时自杀,0,1;3;,2;,,39;,0,0,100,1000,0
77,1,倒计时自杀,0,1;,2;,,349;,0,0,100,100,0
78,1,倒计时自杀,0,1;3;,2;,,15;,0,0,100,100,0
79,1,倒计时自杀,0,1;,2;,,541;,0,0,100,100,0
83,0,黄金怪（受伤反击敌人）,1,4;5;,2;,1191;1192;,683;,0,0,100,10,0
83,1,黄金怪（调头回血）,1,8;,2;,1193;,684;,0,0,100,20,0
83,3,黄金怪（丢失视野回归）野怪检测草丛以内,1,8;,2;,1194;,686;,0,0,100,21,0
83,2,自杀（倒计时自杀）,0,1;,2;,,701;,0,0,100,30,0
83,4,自动升级,0,1;,2;,,704;,0,0,empty,empty,0
85,0,傀儡小龙（优先打塔）,1,0;,2;,1198;,691;,0,0,100,20,0
85,1,傀儡小龙（巡逻事件）,1,0;,2;,,692;,0,0,100,10,0
85,2,傀儡小龙（第二攻击水晶）,1,0;,2;,1199;,693;,0,0,100,19,0
85,3,傀儡小龙（第三打敌人基地）,1,0;,2;,1200;,694;,0,0,100,18,0
85,4,免疫控制和强化防御,0,1;,2;,,695;706;,0,0,100,1000,0
86,0,傀儡小龙（优先打塔）,1,0;,2;,1201;,696;,0,0,100,20,0
86,1,傀儡小龙（巡逻事件）,1,0;,2;,,697;,0,0,100,10,0
86,2,傀儡小龙（第二打水晶）,1,0;,2;,1202;,698;,0,0,100,19,0
86,3,傀儡小龙（第三打敌基地）,1,0;,2;,1203;,699;,0,0,100,18,0
86,4,免疫控制和防御强化,0,1;,2;,,700;707;,0,0,100,1000,0
13,2,技能加点（弓箭手）,0,1;7;,2;,,2;,0,0,100,3,0
13,1,买装备,0,1;3;27;,2;,,26;,0,0,100,2,0
13,4,学习天赋（天赋）,0,7;,,,36;,0,0,100,100,0
13,16,使用技能,2,26;,2;,,29;,0,0,0,1,0
13,5,分配线路,0,1;,,,31;,0,0,0,1,0
13,6,中路抱团,0,16;,,195;,61;,0,0,0,1,0
13,7,出生移除45号buff增加2386（用作区分真假人）,0,1;,,,385;618;,0,0,0,1,0
91,0,普攻最优目标（自己不在敌方塔下）,2,26;,2;,,12;,0,0,100,1,0
91,1,Q消耗小兵（自己蓝量0.3以上时）,2,26;,2;,17;18;,13;,0,0,100,2,0
91,2,Q攻击英雄,2,26;,2;,30;,16;,0,0,100,3,0
91,3,E弹开敌方凶手,2,4;,2;,29;79;82;85;,17;,0,0,100,4,0
91,4,R被击触发攻速大,2,4;,2;,25;126;654;655;656;,18;,0,0,100,5,0
15,2,技能加点（梅丽珊卓）,0,1;7;,2;,,38;,0,0,100,3,0
15,1,买装备,0,1;3;27;,2;,,54;,0,0,100,2,0
15,4,学习天赋,0,7;,,,87;,0,0,100,1000,0
15,0,使用技能策略集,2,26;,2;,,56;,0,0,0,1,0
15,6,分配线路,0,1;,,,60;,0,0,0,1,0
15,7,进入中团阶段,0,16;,,196;,303;,0,0,0,1,0
15,8,出生移除45号buff增加2386（用作区分真假人）,0,1;,,,386;619;,0,0,0,1,0
93,0,普攻最优目标（自己不在敌方塔下）,2,26;,2;,,19;,0,0,100,1,0
93,1,Q消耗敌方英雄,2,26;,2;,453;,20;,0,0,100,3,0
93,2,Q消耗敌方（是小兵时）需0.3以上蓝,2,26;,2;,13;42;,21;,0,0,100,2,0
93,3,E框住敌方（敌英雄逼近）,2,4;,2;,39;48;87;94;,24;,0,0,100,4,0
93,4,E框住敌方（尝试框住一群人）,2,26;,2;,43;50;,25;,0,0,100,5,0
93,5,R沉默敌方（敌方较多英雄逼近）,2,26;,2;,95;96;,27;,0,0,100,6,0
93,6,R沉默敌方（敌方出现残血英雄）,2,26;,2;,52;72;,28;,0,0,100,7,0
21,2,技能加点（阿莎）,0,1;7;,2;,,89;,0,0,0,3,0
21,1,买装备,0,1;3;27;,2;,,109;,0,0,0,2,0
21,4,学习天赋,0,7;,,,120;,0,0,0,1000,0
21,0,分配线路,0,1;,,,84;,0,0,0,1,0
21,3,使用技能策略集,2,26;,2;,,727;,0,0,0,1,0
21,7,进入中团阶段,0,16;,,197;,307;,0,0,0,1,0
21,8,出生移除45号buff增加2386（用作区分真假人）,0,1;,,,387;620;,0,0,0,1,0
94,0,普攻最优目标（自己不在敌方塔下）,2,26;,2;,,30;,0,0,100,1,0
94,1,Q直线消耗英雄,2,26;,2;,34;,37;,0,0,100,3,0
94,2,Q直线消耗（目标是小兵）,2,26;,2;,37;78;,41;,0,0,100,2,0
94,3,E旋转（周围有敌方英雄时）,2,4;,2;,81;83;86;127;,42;,0,0,100,4,0
94,4,R枪舞,2,26;,2;,128;454;,43;,0,0,100,5,0
22,2,技能加点（索罗斯）,0,1;7;,2;,,121;,0,0,0,3,0
22,1,买装备,0,1;3;27;,2;,,135;,0,0,0,2,0
22,4,激活天赋,0,7;,,,148;,0,0,0,1000,0
22,0,分配路线,0,1;,,,140;,0,0,0,1,0
22,3,使用技能策略集,0,26;,2;,,141;,0,0,0,1,0
22,7,进入中团阶段,0,16;,,209;,308;,0,0,0,1,0
22,8,出生移除45号buff增加2386（用作区分真假人）,0,1;,,,388;621;,0,0,0,1,0
96,0,普攻最优目标,2,26;,2;,,44;,0,0,100,1,0
96,1,Q消耗敌方小兵,2,26;,2;,14;22;,45;,0,0,100,2,0
96,2,Q攻击英雄,2,26;,2;,36;,47;,0,0,100,3,0
96,3,E冲刺敌方英雄,2,26;,2;,38;,48;,0,0,100,4,0
96,4,R大招复活（给自己）,2,4;,2;,51;71;73;74;,49;,0,0,100,5,0
96,5,R大招复活（给队友）,2,5;,2;,75;77;97;457;458;459;,128;,0,0,100,6,0
25,2,技能加点（劳勃）,0,1;7;,2;,,151;,0,0,100,3,0
25,1,买装备,0,1;3;27;,2;,,165;,0,0,100,2,0
25,4,激活天赋,0,7;,,,174;,0,0,100,1000,0
25,0,分配线路,0,1;,,,146;,0,0,0,1,0
25,3,使用技能策略集,2,26;,2;,,147;,0,0,0,1,0
25,7,进入中团阶段,0,16;,,210;,313;,0,0,0,1,0
25,8,出生移除45号buff增加2386（用作区分真假人）,0,1;,,,389;622;,0,0,0,1,0
97,0,普攻最优目标,2,26;,2;,,50;,0,0,100,1,0
97,1,Q消耗英雄,2,26;,2;,76;,51;,0,0,100,2,0
97,2,Q消耗小兵（蓝量限制）,2,26;,2;,80;108;,52;,0,0,100,3,0
97,3,E开启消耗小兵,2,26;,2;,109;113;,53;,0,0,100,4,0
97,4,E开启消耗英雄,2,26;,2;,120;,55;,0,0,100,5,0
97,5,R震天撼地,2,26;,2;,460;461;,263;,0,0,100,6,0
26,2,技能加点（卓戈）,0,1;7;,2;,,175;,0,0,100,3,0
26,1,买装备,0,1;3;27;,2;,,239;,0,0,100,2,0
26,4,激活天赋,0,7;,,,249;,0,0,100,1000,0
26,0,分配线路,0,1;,,,170;,0,0,0,1,0
26,3,攻击策略集,2,26;,2;,,171;,0,0,0,1,0
26,7,进入中团阶段,0,16;,,246;,315;,0,0,0,1,0
26,8,出生移除45号buff增加2386（用作区分真假人）,0,1;,,,390;623;,0,0,0,1,0
98,0,普攻推荐目标,2,26;,2;,,57;,0,0,100,1,0
98,1,Q攻击敌方英雄,2,26;,2;,26;,58;,0,0,100,2,0
98,2,Q消耗小兵,2,26;,2;,84;119;,90;,0,0,100,3,0
98,3,E冲刺敌方英雄,2,26;,2;,122;,91;,0,0,100,4,0
98,4,R猎杀敌方英雄,2,26;,2;,123;124;,92;,0,0,100,5,0
98,5,Q攻击野怪,2,26;,2;,125;,133;,0,0,100,6,0
98,6,E攻击野怪,2,26;,2;,129;,134;,0,0,100,7,0
33,2,技能加点（小恶魔）,0,1;7;,2;,,250;,0,0,100,3,0
33,1,买装备,0,1;3;27;,2;,,262;,0,0,100,2,0
33,4,学习天赋,0,7;,,,273;,0,0,100,1000,0
33,0,分配线路,0,1;,,,243;,0,0,0,1,0
33,3,使用技能策略集,2,26;,2;,,245;,0,0,0,1,0
33,7,进入中团阶段,0,16;,,302;,319;,0,0,0,1,0
33,8,出生移除45号buff增加2386（用作区分真假人）,0,1;,,,391;624;,0,0,0,1,0
99,0,普攻最优目标,2,26;,2;,,93;,0,0,100,1,0
99,1,Q给己方英雄加盾,2,5;,2;,98;99;44;100;,95;,0,0,100,5,0
99,2,E花雨尝试晕住敌人,2,26;,2;,101;,97;,0,0,100,7,0
99,3,R给队友加血,2,5;,2;,106;114;118;132;462;,100;,0,0,100,4,0
99,4,Q给自己加护盾,2,4;,2;,41;104;,129;,0,0,100,2,0
99,5,R给自己加血,2,4;,2;,107;110;115;,130;,0,0,100,3,0
99,6,E丢给小兵,2,26;,2;,102;103;,543;,0,0,100,6,0
34,2,技能加点（艾丽娅）,0,1;7;,2;,,275;,0,0,100,3,0
34,1,买装备,0,1;3;27;,2;,,286;,0,0,100,2,0
34,4,学习天赋,0,7;,,,592;,0,0,100,1000,0
34,0,分配路线,0,1;,,,268;,0,0,0,1,0
34,3,使用技能策略集,2,26;,2;,,248;,0,0,0,1,0
34,7,进入中团阶段,0,16;,,320;,320;,0,0,0,1,0
34,8,出生移除45号buff增加2386（用作区分真假人）,0,1;,,,392;626;,0,0,0,1,0
100,0,普攻攻击最优目标,2,26;,2;,,101;,0,0,100,1,0
100,1,Q技能连刺敌方英雄,2,26;,2;,121;,102;,0,0,100,2,0
100,2,E隐身,2,4;,2;,142;111;130;,103;,0,0,100,3,0
100,3,R剑舞（敌方出现残血英雄）,2,26;,2;,131;141;,104;,0,0,100,4,0
100,4,R剑舞（敌方英雄周围小兵较少）,2,26;,2;,144;145;,105;,0,0,100,5,0
100,5,Q连刺中立野怪,2,26;,2;,146;,132;,0,0,100,6,0
35,2,技能加点（机器人）,0,1;7;,2;,,595;,0,0,100,3,0
35,1,买装备,0,1;3;27;,2;,,609;,0,0,100,2,0
35,4,学习天赋,0,7;,,,633;,0,0,100,1000,0
35,0,分配线路,0,1;,,,269;,0,0,0,1,0
35,3,攻击策略集,2,26;,2;,,270;,0,0,0,1,0
35,7,进入中团阶段,0,16;,,321;,321;,0,0,0,1,0
35,8,出生移除45号buff增加2386（用作区分真假人）,0,1;,,,393;627;,0,0,0,1,0
101,0,普攻最优目标,2,26;,2;,,106;,0,0,100,1,0
101,1,Q攻击英雄,2,26;,2;,116;,107;,0,0,100,6,0
101,2,E拉敌方英雄,2,26;,2;,150;49;,108;,0,0,100,3,0
101,3,R格林机枪,2,26;,2;,161;133;,110;,0,0,100,4,0
101,4,Q攻击小兵,2,26;,2;,117;,131;,0,0,100,5,0
36,2,技能加点（魔山）,0,1;7;,2;,,708;,0,0,100,3,0
36,1,买装备,0,1;3;27;,2;,,717;,0,0,100,2,0
36,4,学习天赋,0,7;,,,725;,0,0,100,1000,0
36,0,分配线路,0,1;,,,288;,0,0,0,1,0
36,3,使用技能策略集,2,26;,2;,,289;,0,0,0,1,0
36,7,进入中团阶段,0,16;,,370;,322;,0,0,0,1,0
36,8,出生移除45号buff增加2386（用作区分真假人）,0,1;,,,394;628;,0,0,0,1,0
102,0,普攻最优目标,2,26;,2;,,122;,0,0,100,1,0
102,1,Q挑飞敌人,2,26;,2;,163;,123;,0,0,100,2,0
102,2,E震荡周围敌人,2,4;,2;,171;112;463;,125;,0,0,100,3,0
102,3,R斩杀,2,26;,2;,172;138;,126;,0,0,100,4,0
102,4,R斩杀,2,26;,2;,176;139;,127;,0,0,100,5,0
44,0,远程回城）回城途中遭遇敌方残血英雄(靠近反击),1,0;,2;,1302;1303;1304;,736;,1,0,600,600,0
44,1,回城途中我方英雄优势（取消回城）,1,0;,2;,1305;1306;1307;,737;,1,0,600,500,0
44,9,周围没敌方单位B,1,0;,2;4;,1309;,738;739;,0,0,100,400,0
44,2,撤退行为执行时（避开敌塔）,1,0;,2;,1310;1311;,741;,0,0,100,700,0
44,3,靠近己方基地,1,0;,2;,,748;,1,0,100,300,0
44,4,已在基地（使用B回高台）,1,0;,2;,1322;,750;753;,0,0,100,800,0
87,0,近战回城）回城途中遭遇敌方残血英雄(靠近反击),1,0;,2;,1312;1313;1314;,742;,1,0,600,600,0
87,1,回城途中我方英雄优势（取消回城）,1,0;,2;,1315;1316;1317;,743;,1,0,600,500,0
87,9,没敌方单位B,1,0;,2;4;,1319;,744;745;,0,0,100,400,0
87,2,撤退行为执行时（避开敌塔）,1,0;,2;,1320;1321;,747;,0,0,100,700,0
87,3,靠近基地,1,0;,2;,,749;,1,0,100,300,0
87,4,已在基地（使用B回高台）,1,0;,2;,1323;,751;752;,0,0,100,800,0
88,0,靠近24内最残血的敌方英雄,3,0;,2;,92;,755;,0,0,100,800,0
88,1,靠近24米内最近的敌方小兵,3,0;,2;,157;158;,757;,0,0,100,1000,0
88,2,24米内无敌方单位（跑向敌方泉水）,3,0;,2;,260;261;,756;,0,0,100,2000,0
88,3,释放旋风爪击（检测距离）对敌方英雄,3,0;,2;,312;313;,758;,0,0,100,701,0
88,4,旋风爪击（无敌英雄时对最近小兵使用）,3,0;,2;,379;380;435;,759;,0,0,100,702,0
88,5,优先普攻敌方英雄,3,0;,2;,436;,760;,0,0,100,700,0
88,6,次普攻敌方小兵,3,0;,2;,475;476;,761;,0,0,100,600,0
88,7,倒计时自杀10s,4,1;,2;,,215;,0,0,100,10000,0
17,0,超级兵（攻击）,3,12;23;,2;,33;,34;,0,0,100,20,0
17,1,超级兵（巡逻）,3,1;23;,2;,,35;71;,0,0,100,10,0
17,2,超级兵(靠近),3,12;23;,2;,35;,88;,0,0,100,15,0
17,3,进入敌方视野警戒,0,21;,2;22;,,579;,0,0,100,1,0
17,4,减伤buff,0,1;,2;,,791;,0,0,100,2,0
41,0,头目兵（攻击）,3,12;23;,2;,47;,580;,0,0,100,20,0
41,1,头目兵（巡逻）,3,1;23;,2;,,581;814;,0,0,100,10,0
41,2,头目兵(靠近),3,12;23;,2;,135;,582;,0,0,100,15,0
41,3,进入敌方视野警戒,0,21;,2;22;,,586;,0,0,100,1,0
41,4,减伤buff,0,1;,2;,,792;,0,0,100,2,0
41,5,攻击凶手,3,5;,2;,668;669;670;,833;,0,0,100,30,0
89,0,远程兵（攻击事件）,3,12;23;,2;,1381;,799;,0,0,100,20,0
89,1,远程兵（巡逻事件）,3,1;23;,2;,,800;815;,0,0,100,10,0
89,2,远程兵(靠近),3,12;23;,2;,1382;,801;,0,0,100,15,0
89,3,进入敌方视野警戒,0,21;,2;22;,,802;,0,0,100,1,0
90,0,出生添加buff,3,1;,2;,,809;,0,0,100,1,0
90,1,（技能）判断自身有无buff,2,0;,2;,1393;1394;,810;,0,0,100,22,0
90,2,技能（判断有无敌人）,2,0;,2;,1395;,807;,0,0,100,23,0
92,0,赶赴线上,1,0;1;3;13;23;,2;,1430;,32;59;,0,0,0,80,0
92,1,队友被攻击协助,1,5;,2;,88;192;194;,726;,0,0,0,90,0
92,2,去协助某人进攻,1,17;,2;,89;,843;,0,0,0,93,0
92,3,B回城,1,0;13;23;,2;4;,90;477;,844;,0,0,0,85,0
92,4,血多贴近残血敌方英雄,1,12;23;,2;,1277;1415;1416;,298;588;,0,0,0,97,0
92,5,与敌方英雄保持距离,1,12;,2;,174;,73;,0,0,0,84,0
92,6,与敌方小兵保持距离,1,12;,2;,,74;,0,0,0,83,0
92,7,血少远离敌方单位,1,4;12;,2;,1418;1419;309;,847;,0,0,0,99,0
92,8,进塔:塔下有己方小兵,1,12;,2;,1420;1421;,848;,0,0,0,96,0
92,9,避塔:塔下无兵,1,12;,2;,1423;1424;,294;,0,0,0,100,0
92,10,避塔:被塔攻击,1,4;,2;,93;,295;,0,0,0,100,0
92,11,避塔:敌塔下被敌方英雄攻击,1,4;,2;,181;180;,302;,0,0,0,100,0
92,12,被攻击撤退,1,4;,2;,,77;,0,0,0,86,0
92,13,高台挑落,1,0;1;3;13;23;,2;,432;,851;,0,0,0,1000,0
92,14,血量少已经退至塔下周围有敌人继续跑回去,1,4;12;,2;,310;311;314;,616;,0,0,0,99,0
92,15,建筑物预警防守,1,24;,2;,482;,33;,0,1,0,90,0
95,0,赶赴线上,1,0;1;3;13;23;,2;,151;,112;113;,0,0,0,80,0
95,1,队友被攻击协助,1,5;,2;,152;156;193;,117;,0,0,1000,90,0
95,2,去协助某人进攻,1,17;,2;,159;,118;,0,0,0,93,0
95,3,B回城,1,0;13;23;,2;4;,257;481;,119;,0,0,0,85,0
95,4,血多贴近残血敌方英雄,1,12;23;,2;,258;259;262;,611;612;,0,0,0,97,0
95,5,附近友方英雄数量大于等于敌方:靠近敌方英雄,1,12;,2;,1278;189;,855;,0,0,0,84,0
95,7,附近没有敌方英雄:靠近敌方小兵,1,12;,2;,,111;,0,0,0,83,0
95,8,血少远离敌方单位,1,4;12;,2;,1431;1432;381;,856;,0,0,0,99,0
95,9,进塔:塔下有己方小兵,1,12;,2;,1433;1434;,857;,0,0,0,96,0
95,10,避塔:塔下无兵,1,12;,2;,1436;1437;,76;,0,0,0,100,0
95,11,避塔:被塔攻击,1,4;,2;,1440;,136;,0,0,0,100,0
95,12,避塔:敌塔下被敌方英雄攻击,1,4;,2;,182;188;,314;,0,0,0,100,0
95,14,高台挑落,1,0;1;3;13;23;,2;,433;,862;,0,0,0,1000,0
95,15,血量少已经退至塔下周围有敌人继续跑回去,1,4;12;,2;,376;377;378;,617;,0,0,0,99,0
95,16,建筑物预警支援,1,24;,2;,483;,116;,0,1,0,90,0
18,0,（不可选中）,0,1;,2;,,9;325;,0,0,100,10,0
18,1,添加buff,2,0;,2;,7;,62;330;,0,0,100,10,0
19,0,（不可选中）,0,1;,2;,,63;326;,0,0,100,10,0
19,1,添加buff,2,0;,2;,136;,64;65;,0,0,100,10,0
20,0,（不可选中）,0,1;,2;,,66;327;,0,0,100,10,0
20,1,添加buff,2,0;,2;,137;575;613;,67;68;338;434;,0,0,100,10,0
45,0,（受伤反击敌人）,1,3;4;,2;,153;154;,69;,0,0,100,10,0
45,1,（调头回血）,1,8;,2;,155;,70;,0,0,100,20,0
45,3,（丢失视野回归）野怪检测草丛以内,1,8;,2;,165;,72;,0,0,100,21,0
45,2,暴露视野,0,1;,2;,,328;,0,0,100,1,0
46,3,被攻击反击,2,3;4;,2;,166;167;,78;,0,0,0,1,0
46,0,暴露视野,0,1;,2;,,329;,0,0,0,1,0
58,0,攻击敌方凶手1000,2,5;,2;,484;519;520;,331;,0,0,100,1000,0
58,1,攻击最近英雄600,2,0;,2;,522;389;,333;,0,0,100,600,0
58,2,出生自带buff,0,1;,2;,,332;,0,0,100,1,0
58,4,攻击敌方防御塔500,2,0;,2;,521;581;,334;,0,0,100,500,0
58,3,自杀,0,1;,,,358;526;,0,0,100,2,0
58,5,攻击敌方水晶400,2,0;,2;,582;583;,375;,0,0,100,400,0
58,6,攻击敌方基地700,2,0;,2;,584;585;,376;,0,0,100,700,0
58,7,攻击敌方小龙300,2,0;,2;,855;856;,601;,0,0,100,300,0
58,8,死亡给主人加2998号buff,0,2;,,,404;,0,0,100,1,0
58,9,攻击中立小龙800,2,0;,2;,289;290;,494;,0,0,100,800,0
58,10,攻击中立大龙900,2,0;,2;,291;292;,495;,0,0,100,900,0
58,11,攻击中立野怪100,2,0;,2;,297;298;,506;,0,0,100,100,0
58,12,攻击敌方小兵200,2,0;,2;,390;391;,643;,0,0,100,200,0
59,0,攻击敌方凶手1000,2,5;,2;,523;524;526;,335;,0,0,100,1000,0
59,1,攻击最近英雄600,2,0;,2;,527;392;,336;,0,0,100,600,0
59,2,出生自带buff,0,1;,2;,,337;351;,0,0,100,1,0
59,4,攻击防御塔500,2,0;,2;,528;602;,339;,0,0,100,500,0
59,5,主人不在范围（自杀）,4,0;,2;,572;,359;,0,0,100,1,0
59,6,攻击敌方水晶400,2,0;,2;,586;587;,377;,0,0,100,400,0
59,7,攻击敌方基地700,2,0;,2;,588;589;,378;,0,0,100,700,0
59,8,攻击敌方小龙300,2,0;,2;,857;858;,602;,0,0,100,300,0
59,9,攻击中立大龙900,2,0;,2;,299;300;,512;,0,0,100,900,0
59,10,攻击中立小龙800,2,0;,2;,301;303;,513;,0,0,100,800,0
59,11,攻击中立野怪100,2,0;,2;,345;359;,546;,0,0,100,100,0
59,12,攻击敌方小兵200,2,0;,2;,393;394;,644;,0,0,100,200,0
59,3,主人死亡时自杀,4,25;,2;,,341;,0,0,100,2,0
61,0,攻击敌方凶手1000,2,5;,2;,540;541;542;,343;,0,0,100,1000,0
61,1,攻击最近英雄600,2,0;,2;,543;400;,345;,0,0,100,600,0
61,2,出生自带buff,0,1;,2;,,346;,0,0,100,1,0
61,4,攻击敌方防御塔500,2,0;,2;,544;604;,347;,0,0,100,500,0
61,5,每五秒释放一次直线技能（对英雄）,2,0;,2;,552;566;,354;,0,0,100,300,0
61,6,每五秒释放一次直线技能（对小兵）,2,0;,2;,565;567;,355;,0,0,100,200,0
61,7,主人不在范围（自杀）,4,0;,2;,551;,353;,0,0,100,1,0
61,8,攻击敌方水晶400,2,0;,2;,594;595;,381;,0,0,100,400,0
61,9,攻击敌方基地700,2,0;,2;,596;597;,382;,0,0,100,700,0
61,10,攻击敌方小龙300,2,0;,2;,861;862;,613;,0,0,100,300,0
61,11,攻击中立大龙900,2,0;,2;,366;367;,583;,0,0,100,900,0
61,12,攻击中立小龙800,2,0;,2;,368;369;,594;,0,0,100,800,0
61,13,攻击中立野怪100,2,0;,2;,374;375;,596;,0,0,100,100,0
61,14,攻击敌方小兵200,2,0;,2;,398;399;,646;,0,0,100,200,0
61,3,主人死亡（自杀）,4,25;,2;,,342;,0,0,100,2,0
63,0,小龙（反击）,1,4;,2;,576;,362;363;,0,0,100,10,0
63,1,返回（回血）,1,8;,2;,577;,364;365;,0,0,100,20,0
63,2,小龙（免控BUFF加升级BUFF）,0,1;,2;,,366;367;,0,0,100,10,0
63,3,小龙（丢失视野回归）野怪检测草丛以内,1,8;,2;,578;,368;369;,0,0,100,21,0
63,5,小龙（定时必杀技）,2,4;,2;8;,579;,370;,0,0,100,5,0
63,6,小龙（判断buff回归）,1,0;,2;,580;,371;372;,0,0,100,25,0
64,0,魄罗（不可选中）,0,1;,2;,,373;,0,0,200,10,0
64,1,跑一跑,1,1;,2;,,374;,0,0,100,1,0
65,2,技能加点（弓箭手）,0,1;7;,2;,,395;,0,0,100,3,0
65,1,买装备,0,1;3;27;,2;,,396;,0,0,100,2,0
65,4,学习天赋（天赋）,0,7;,,,397;,0,0,100,100,0
65,16,使用技能,2,26;,2;,,398;,0,0,0,1,0
65,5,分配线路,0,1;,,,401;,0,0,0,1,0
65,6,中路抱团,0,16;,,606;,402;,0,0,0,1,0
65,7,出生移除45号buff增加2386（用作区分真假人）,0,1;,,,403;,0,0,0,1,0
66,2,技能加点（梅丽珊卓）,0,1;7;,2;,,405;,0,0,100,3,0
66,1,买装备,0,1;3;27;,2;,,406;,0,0,100,2,0
66,4,学习天赋,0,7;,,,407;,0,0,100,1000,0
66,0,使用技能策略集,2,26;,2;,,408;,0,0,0,1,0
66,6,分配线路,0,1;,,,411;,0,0,0,1,0
66,7,进入中团阶段,0,16;,,607;,412;,0,0,0,1,0
66,8,出生移除45号buff增加2386（用作区分真假人）,0,1;,,,413;,0,0,0,1,0
80,2,技能加点（阿莎）,0,1;7;,2;,,415;,0,0,0,3,0
80,1,买装备,0,1;3;27;,2;,,416;,0,0,0,2,0
80,4,学习天赋,0,7;,,,417;,0,0,0,1000,0
80,0,分配线路,0,1;,,,418;,0,0,0,1,0
80,3,使用技能策略集,2,26;,2;,,419;,0,0,0,1,0
80,7,进入中团阶段,0,16;,,608;,422;,0,0,0,1,0
80,8,出生移除45号buff增加2386（用作区分真假人）,0,1;,,,423;,0,0,0,1,0
81,2,技能加点（索罗斯）,0,1;7;,2;,,425;,0,0,0,3,0
81,1,买装备,0,1;3;27;,2;,,426;,0,0,0,2,0
81,4,激活天赋,0,7;,,,427;,0,0,0,1000,0
81,0,分配路线,0,1;,,,428;,0,0,0,1,0
81,3,使用技能策略集,0,26;,2;,,429;,0,0,0,1,0
81,7,进入中团阶段,0,16;,,609;,432;,0,0,0,1,0
81,8,出生移除45号buff增加2386（用作区分真假人）,0,1;,,,433;,0,0,0,1,0
82,2,技能加点（劳勃）,0,1;7;,2;,,435;,0,0,100,3,0
82,1,买装备,0,1;3;27;,2;,,436;,0,0,100,2,0
82,4,激活天赋,0,7;,,,437;,0,0,100,1000,0
82,0,分配线路,0,1;,,,438;,0,0,0,1,0
82,3,使用技能策略集,2,26;,2;,,439;,0,0,0,1,0
82,7,进入中团阶段,0,16;,,610;,442;,0,0,0,1,0
82,8,出生移除45号buff增加2386（用作区分真假人）,0,1;,,,443;,0,0,0,1,0
103,2,技能加点（卓戈）,0,1;7;,2;,,445;,0,0,100,3,0
103,1,买装备,0,1;3;27;,2;,,446;,0,0,100,2,0
103,4,激活天赋,0,7;,,,447;,0,0,100,1000,0
103,0,分配线路,0,1;,,,448;,0,0,0,1,0
103,3,攻击策略集,2,26;,2;,,449;,0,0,0,1,0
103,7,进入中团阶段,0,16;,,611;,452;,0,0,0,1,0
103,8,出生移除45号buff增加2386（用作区分真假人）,0,1;,,,453;,0,0,0,1,0
104,2,技能加点（小恶魔）,0,1;7;,2;,,455;,0,0,100,3,0
104,1,买装备,0,1;3;27;,2;,,456;,0,0,100,2,0
104,4,学习天赋,0,7;,,,457;,0,0,100,1000,0
104,0,分配线路,0,1;,,,458;,0,0,0,1,0
104,3,使用技能策略集,2,26;,2;,,459;,0,0,0,1,0
104,7,进入中团阶段,0,16;,,612;,462;,0,0,0,1,0
104,8,出生移除45号buff增加2386（用作区分真假人）,0,1;,,,463;,0,0,0,1,0
106,2,技能加点（艾丽娅）,0,1;7;,2;,,475;,0,0,100,3,0
106,1,买装备,0,1;3;27;,2;,,476;,0,0,100,2,0
106,4,学习天赋,0,7;,,,477;,0,0,100,1000,0
106,0,分配路线,0,1;,,,491;,0,0,0,1,0
106,3,使用技能策略集,2,26;,2;,,492;,0,0,0,1,0
106,7,进入中团阶段,0,16;,,614;,504;,0,0,0,1,0
106,8,出生移除45号buff增加2386（用作区分真假人）,0,1;,,,505;,0,0,0,1,0
107,2,技能加点（机器人）,0,1;7;,2;,,507;,0,0,100,3,0
107,1,买装备,0,1;3;27;,2;,,508;,0,0,100,2,0
107,4,学习天赋,0,7;,,,509;,0,0,100,1000,0
107,0,分配线路,0,1;,,,510;,0,0,0,1,0
107,3,攻击策略集,2,26;,2;,,511;,0,0,0,1,0
107,7,进入中团阶段,0,16;,,615;,544;,0,0,0,1,0
107,8,出生移除45号buff增加2386（用作区分真假人）,0,1;,,,545;,0,0,0,1,0
108,2,技能加点（魔山）,0,1;7;,2;,,547;,0,0,100,3,0
108,1,买装备,0,1;3;27;,2;,,548;,0,0,100,2,0
108,4,学习天赋,0,7;,,,549;,0,0,100,1000,0
108,0,分配线路,0,1;,,,550;,0,0,0,1,0
108,3,使用技能策略集,2,26;,2;,,551;,0,0,0,1,0
108,7,进入中团阶段,0,16;,,616;,554;,0,0,0,1,0
108,8,出生移除45号buff增加2386（用作区分真假人）,0,1;,,,558;,0,0,0,1,0
105,0,随机走动,1,1;,2;,,424;,0,0,100,1,0
47,0,超级炮车（攻击）,1,12;23;,2;,168;,79;,0,0,100,20,0
47,1,超级炮车（巡逻事件）,1,1;23;,2;,,80;124;,0,0,100,10,0
47,2,超级炮车（靠近）,1,12;23;,2;,169;,81;,0,0,100,15,0
47,5,超级炮车（警戒）,0,21;,2;22;,,83;,0,0,100,1,0
47,3,超级炮车（头目标识BUFF）,0,1;,2;,empty,830;,0,0,empty,empty,0
57,0,照明弹,3,1;,,,247;,0,0,1000,10,0
57,1,自杀事件,3,1;,,,357;,0,0,1000,10,0
109,0,加BUFF,3,1;,2;,,267;,0,0,100,10,0
109,1,自杀,3,1;,2;,,265;,0,0,100,5,0
110,2,技能加点（尸鬼）,0,1;7;,2;,,137;,0,0,100,3,0
110,1,买装备,0,1;3;27;,2;,,142;,0,0,100,2,0
110,4,学习天赋（天赋）,0,7;,,,144;,0,0,100,100,0
110,16,使用技能,2,26;,2;,,149;,0,0,0,1,0
110,5,分配线路,0,1;,,,150;,0,0,0,1,0
110,6,中路抱团,0,16;,,140;,152;,0,0,0,1,0
110,7,出生移除45号buff（用作区分真假人）,0,1;,,,153;,0,0,0,1,0
111,0,普攻最优目标,2,26;,2;,,155;,0,0,100,1,0
111,1,Q消耗小兵（自己蓝量0.5以上时）,2,26;,2;,143;147;,156;,0,0,100,2,0
111,2,Q攻击英雄,2,26;,2;,148;,157;,0,0,100,3,0
111,3,E摆放墓碑（敌人较近）肉搏,2,4;,2;,149;160;162;164;,158;,0,0,100,4,0
111,4,R（被较多敌人攻击时）肉搏,2,4;,2;,170;173;304;305;,159;,0,0,100,5,0
111,5,R（血量低于0.7）肉搏,2,4;,2;,306;307;308;315;,154;,0,0,100,6,0
112,2,技能加点（绿先知）,0,1;7;,2;,,160;,0,0,100,3,0
112,1,买装备,0,1;3;27;,2;,,163;,0,0,100,2,0
112,4,学习天赋（天赋）,0,7;,,,164;,0,0,100,100,0
112,16,使用技能,2,26;,2;,,166;,0,0,0,1,0
112,5,分配线路,0,1;,,,167;,0,0,0,1,0
112,6,中路抱团,0,16;,,175;,168;,0,0,0,1,0
112,7,出生移除45号buff（用作区分真假人）,0,1;,,,172;,0,0,0,1,0
113,0,普攻最优目标,2,26;,2;,,190;,0,0,100,1,0
113,1,Q消耗小兵（自己蓝量0.7以上时）,2,26;,2;,177;178;,191;,0,0,100,2,0
113,2,Q攻击英雄,2,26;,2;,179;,194;,0,0,100,3,0
113,3,E攻击敌方英雄（尝试吸buff）,2,26;,2;,183;,198;,0,0,100,4,0
113,4,R开启（被敌英雄攻击时）血量少于0.85,2,4;,2;,184;185;186;187;198;322;,218;,0,0,100,5,0
113,6,R关闭（周围没有可供吸血目标）,2,0;,2;,316;317;323;,173;,0,0,100,6,0
114,2,技能加点（龙母）,0,1;7;,2;,,219;,0,0,100,3,0
114,1,买装备,0,1;3;27;,2;,,231;,0,0,100,2,0
114,4,学习天赋（天赋）,0,7;,,,233;,0,0,100,100,0
114,16,使用技能,2,26;,2;,,234;,0,0,0,1,0
114,5,分配线路,0,1;,,,235;,0,0,0,1,0
114,6,中路抱团,0,16;,,199;,236;,0,0,0,1,0
114,7,出生移除45号buff（用作区分真假人）,0,1;,,,237;,0,0,0,1,0
115,0,普攻最优目标（自己不在敌方塔下）,2,26;,2;,,242;,0,0,100,1,0
115,1,Q消耗小兵（自己蓝量0.3以上时）,2,26;,2;,200;201;,244;,0,0,100,2,0
115,2,Q攻击英雄,2,26;,2;,202;,246;,0,0,100,3,0
115,3,E丢给敌方凶手（保自己）,2,4;,2;,204;205;206;207;,251;,0,0,100,4,0
115,4,R（敌方出现0.25血量以下英雄）,2,26;,2;,208;211;,252;,0,0,100,5,0
115,5,R尝试晕住一群人,2,26;,2;,325;326;,238;,0,0,100,6,0
115,6,E丢给敌方凶手（保队友）,2,5;,2;,324;328;329;330;331;,261;,0,0,100,7,0
116,2,技能加点（小鱼人）,0,1;7;,2;,,253;,0,0,100,3,0
116,1,买装备,0,1;3;27;,2;,,255;,0,0,100,2,0
116,4,学习天赋（天赋）,0,7;,,,256;,0,0,100,100,0
116,16,使用技能,2,26;,2;,,257;,0,0,0,1,0
116,5,分配线路,0,1;,,,258;,0,0,0,1,0
116,6,中路抱团,0,16;,,212;,259;,0,0,0,1,0
116,7,出生移除45号buff（用作区分真假人）,0,1;,,,260;,0,0,0,1,0
117,0,普攻最优目标（自己不在敌方塔下）,2,26;,2;,,264;,0,0,100,1,0
117,1,E消耗小兵（自己蓝量0.3以上时）,2,26;,2;,213;215;,272;,0,0,100,2,0
117,2,E连招被泡起敌方英雄,2,26;,2;,216;327;,274;,0,0,100,3,0
117,3,E阻挡敌方凶手（帮自己）,2,4;,2;,217;218;219;220;,276;,0,0,100,4,0
117,4,R（敌方出现0.25血量以下英雄）,2,26;,2;,221;222;,277;,0,0,100,5,0
117,5,R推走敌方凶手（帮自己）,2,4;,2;,337;338;339;341;340;,634;,0,0,100,6,0
117,6,E阻挡敌方凶手（帮队友）,2,5;,2;,332;333;334;335;336;,632;,0,0,100,7,0
117,7,R推走敌方凶手（帮队友）,2,5;,2;,342;343;344;346;347;348;,642;,0,0,100,8,0
117,8,Q尝试击中敌方英雄,2,26;,2;,643;644;,821;,0,0,100,9,0
117,9,Q击中攻击自己的敌英雄,2,4;,2;,645;646;647;648;,824;,0,0,100,10,0
117,10,Q击中攻击队友的敌英雄,2,5;,2;,649;650;651;652;653;,825;,0,0,100,11,0
118,2,技能加点（无面者）,0,1;7;,2;,,278;,0,0,100,3,0
118,1,买装备,0,1;3;27;,2;,,279;,0,0,100,2,0
118,4,学习天赋（天赋）,0,7;,,,280;,0,0,100,100,0
118,16,使用技能,2,26;,2;,,281;,0,0,0,1,0
118,5,分配线路,0,1;,,,282;,0,0,0,1,0
118,6,中路抱团,0,16;,,223;,284;,0,0,0,1,0
118,7,出生移除45号buff（用作区分真假人）,0,1;,,,285;,0,0,0,1,0
119,0,普攻最优目标（自己不在敌方塔下）,2,26;,2;,,291;,0,0,100,1,0
119,1,Q消耗小兵（自己蓝量0.3以上时）,2,26;,2;,224;225;,293;,0,0,100,2,0
119,2,Q攻击英雄,2,26;,2;,226;,297;,0,0,100,3,0
119,3,E被攻击时使用隐身,2,4;,2;,227;228;229;230;,304;,0,0,100,4,0
119,4,R（敌方出现0.25血量以下英雄）,2,26;,2;,231;232;,306;,0,0,100,5,0
119,5,R（敌方出现300以下血量英雄）,2,26;,2;,349;350;,287;,0,0,100,6,0
120,2,技能加点（小炮）,0,1;7;,2;,,309;,0,0,100,3,0
120,1,买装备,0,1;3;27;,2;,,310;,0,0,100,2,0
120,4,学习天赋（天赋）,0,7;,,,311;,0,0,100,100,0
120,16,使用技能,2,26;,2;,,312;,0,0,0,1,0
120,5,分配线路,0,1;,,,399;,0,0,0,1,0
120,6,中路抱团,0,16;,,233;,400;,0,0,0,1,0
120,7,出生移除45号buff（用作区分真假人）,0,1;,,,409;,0,0,0,1,0
121,0,普攻最优目标（自己不在敌方塔下）,2,26;,2;,,420;,0,0,100,1,0
121,1,E消耗小兵（自己蓝量0.3以上时）,2,26;,2;,234;235;,421;,0,0,100,2,0
121,2,E攻击英雄,2,26;,2;,236;,430;,0,0,100,3,0
121,3,Q弹开敌方凶手,2,4;,2;,237;238;239;240;,431;,0,0,100,4,0
121,4,R（敌方出现0.25血量以下英雄）,2,26;,2;,241;242;351;,440;,0,0,100,5,0
122,2,技能加点（鱼姬）,0,1;7;,2;,,441;,0,0,100,3,0
122,1,买装备,0,1;3;27;,2;,,444;,0,0,100,2,0
122,4,学习天赋（天赋）,0,7;,,,450;,0,0,100,100,0
122,16,使用技能,2,26;,2;,,451;,0,0,0,1,0
122,5,分配线路,0,1;,,,454;,0,0,0,1,0
122,6,中路抱团,0,16;,,243;,460;,0,0,0,1,0
122,7,出生移除45号buff（用作区分真假人）,0,1;,,,461;,0,0,0,1,0
123,0,普攻最优目标（自己不在敌方塔下）,2,26;,2;,,465;,0,0,100,1,0
123,1,Q消耗小兵（自己蓝量0.3以上时）,2,26;,2;,244;245;,466;,0,0,100,2,0
123,2,Q攻击英雄,2,26;,2;,247;,467;,0,0,100,3,0
123,3,E加护盾（给自己）,2,4;,2;,248;250;251;,468;,0,0,100,4,0
123,4,E加护盾（给队友）,2,5;,2;,252;253;356;357;358;,469;,0,0,100,5,0
123,5,R（开大飞残血队友）,2,5;,2;,249;352;353;354;355;,410;,0,0,100,6,0
126,2,技能加点（兽宝）,0,1;7;,2;,,559;,0,0,100,3,0
126,1,买装备,0,1;3;27;,2;,,560;,0,0,100,2,0
126,4,学习天赋（天赋）,0,7;,,,561;,0,0,100,100,0
126,16,使用技能,2,26;,2;,,562;,0,0,0,1,0
126,5,分配线路,0,1;,,,563;,0,0,0,1,0
126,6,中路抱团,0,16;,,273;,564;,0,0,0,1,0
126,7,出生移除45号buff（用作区分真假人）,0,1;,,,565;,0,0,0,1,0
127,0,普攻最优目标（自己不在敌方塔下）,2,26;,2;,,567;,0,0,100,1,0
127,1,Q消耗小兵,2,26;,2;,274;254;,568;,0,0,100,2,0
127,2,Q攻击英雄,2,26;,2;,276;,569;,0,0,100,3,0
127,3,R控制敌方英雄,2,4;,2;,277;278;279;,570;,0,0,100,4,0
127,4,E跳向敌方英雄（敌不在塔下）,2,26;,2;,282;256;,571;,0,0,100,5,0
128,2,技能加点（收割者）,0,1;7;,2;,,572;,0,0,100,3,0
128,1,买装备,0,1;3;27;,2;,,573;,0,0,100,2,0
128,4,学习天赋（天赋）,0,7;,,,574;,0,0,100,100,0
128,16,使用技能,2,26;,2;,,575;,0,0,0,1,0
128,5,分配线路,0,1;,,,576;,0,0,0,1,0
128,6,中路抱团,0,16;,,283;,577;,0,0,0,1,0
128,7,出生移除45号buff（用作区分真假人）,0,1;,,,578;,0,0,0,1,0
129,0,普攻最优目标（自己不在敌方塔下）,2,26;,2;,,584;,0,0,100,1,0
129,1,Q消耗小兵（自己蓝量0.3以上时）,2,26;,2;,284;285;,585;,0,0,100,2,0
129,2,Q英雄,2,26;,2;,286;,593;,0,0,100,3,0
129,3,Q野怪,2,26;,2;,263;,464;,0,0,100,4,0
129,4,E小兵,2,26;,2;,264;265;,470;,0,0,100,5,0
129,5,E英雄,2,26;,2;,267;,471;,0,0,100,6,0
129,6,E野怪,2,26;,2;,269;,472;,0,0,100,7,0
129,7,R飞天,2,26;,2;,270;271;272;275;,473;,0,0,100,8,0
129,8,R落地,2,26;,2;,280;281;287;288;,474;,0,0,100,9,0
130,2,技能加点（宇宙战警）,0,1;7;,2;,,597;,0,0,100,3,0
130,1,买装备,0,1;3;27;,2;,,598;,0,0,100,2,0
130,4,学习天赋（天赋）,0,7;,,,599;,0,0,100,100,0
130,16,使用技能,2,26;,2;,,600;,0,0,0,1,0
130,5,分配线路,0,1;,,,604;,0,0,0,1,0
130,6,中路抱团,0,16;,,293;,605;,0,0,0,1,0
130,7,出生移除45号buff（用作区分真假人）,0,1;,,,606;,0,0,0,1,0
131,0,普攻最优目标（自己不在敌方塔下）,2,26;,2;,,608;,0,0,100,1,0
131,1,Q消耗小兵（自己蓝量0.3以上时）,2,26;,2;,294;295;,610;,0,0,100,2,0
131,2,Q攻击英雄,2,26;,2;,296;,629;,0,0,100,3,0
131,3,被攻击时开E回能量,2,4;,2;,639;640;641;642;,820;,0,0,100,4,0
68,0,攻击敌方凶手1000,1,5;,2;,405;406;407;,478;,0,0,100,1000,0
68,1,攻击最近英雄600,1,0;,2;,408;409;,479;,0,0,100,600,0
68,4,攻击敌方防御塔500,1,0;,2;,410;,488;,0,0,100,500,0
68,5,攻击敌方水晶400,1,0;,2;,412;413;,648;,0,0,100,400,0
68,6,攻击敌方基地700,1,0;,2;,414;415;,649;,0,0,100,700,0
68,7,攻击敌方小龙300,1,0;,2;,416;417;,650;,0,0,100,300,0
68,9,攻击中立小龙800,1,0;,2;,418;419;,652;,0,0,100,800,0
68,10,攻击中立大龙900,1,0;,2;,420;421;,653;,0,0,100,900,0
68,11,攻击中立野怪100,1,0;,2;,422;423;,654;,0,0,100,100,0
68,12,攻击敌方小兵200,1,0;,2;,424;425;,655;,0,0,100,200,0
68,2,出生自带buff,0,1;,2;,,665;,0,0,100,1,0
68,3,取最近路径,0,0;,2;,,489;,0,0,100,2,0
68,8,巡逻,1,0;,2;,,651;,0,0,100,90,0
68,13,触发跳跃,2,18;,2;,428;426;,656;,0,0,100,10000,0
68,14,判断主人在,4,0;,2;,190;,220;,0,0,100,1,0
68,15,判断主人不在,4,0;,2;,371;,323;,0,0,100,2,0
68,16,判断主人是否有2110（恶灵陨灭）,4,0;,2;,657;,826;,0,0,100,3,0
68,17,判断主人是否有2112（领主加持）,4,0;,2;,658;,827;,0,0,100,4,0
68,18,判断主人是否有2118（鬼影闪）,4,0;,2;,659;660;661;,828;,0,0,100,5,0
70,0,攻击敌方凶手1000,1,5;,2;,411;427;429;,483;,0,0,100,1000,0
70,1,攻击最近英雄600,1,0;,2;,430;431;,484;,0,0,100,600,0
70,4,攻击敌方防御塔500,1,0;,2;,434;,487;,0,0,100,500,0
70,5,攻击敌方水晶400,1,0;,2;,437;438;,490;,0,0,100,400,0
70,6,攻击敌方基地700,1,0;,2;,439;440;,496;,0,0,100,700,0
70,7,攻击敌方小龙300,1,0;,2;,441;442;,503;,0,0,100,300,0
70,9,攻击中立小龙800,1,0;,2;,443;444;,657;,0,0,100,800,0
70,10,攻击中立大龙900,1,0;,2;,445;446;,658;,0,0,100,900,0
70,11,攻击中立野怪100,1,0;,2;,447;448;,659;,0,0,100,100,0
70,12,攻击敌方小兵200,1,0;,2;,449;450;,660;,0,0,100,200,0
70,3,取最近路径,0,0;,2;,,662;,0,0,100,2,0
70,8,巡逻,1,0;,2;,,663;,0,0,100,90,0
70,13,出生自带日炎,0,1;,2;,,664;661;,0,0,100,3,0
70,2,判断主人在,4,0;,2;,191;,316;,0,0,100,1,0
70,14,判断主人不在,4,0;,2;,382;,324;,0,0,100,2,0
124,0,倒计时自杀,3,1;,,,356;,0,0,100,1,0
125,2,技能加点（梅丽珊卓）,0,1;7;,2;,,540;,0,0,100,3,0
125,1,买装备,0,1;3;27;,2;,,542;,0,0,100,2,0
125,4,学习天赋,0,7;,,,557;,0,0,100,1000,0
125,0,使用技能策略集,2,12;,2;13;,,678;,0,0,0,1,0
125,6,分配线路,0,1;,,,679;,0,0,0,1,0
125,7,进入中团阶段,0,16;,,10;,680;,0,0,0,1,0
125,8,出生移除45号buff增加2386（用作区分真假人）,0,1;,,,681;682;,0,0,0,1,0
125,3,警戒判断,0,21;,2;22;,,777;,0,0,100,1,0
125,5,预警,0,21;,2;22;,,778;,0,0,100,1,0
125,9,激活移动策略集,0,1;,,,783;,0,0,100,1,0
132,0,普攻敌英雄,2,12;,2;13;,464;466;,709;,0,0,100,80,0
132,1,普攻敌小兵,2,12;,2;13;,467;468;,710;,0,0,100,60,0
132,2,普攻敌防御塔,2,12;,2;13;,469;470;,711;,0,0,100,70,0
132,4,普攻敌水晶,2,12;,2;13;,471;472;,712;,0,0,100,90,0
132,3,普攻敌主堡,2,12;,2;13;,473;474;,713;,0,0,100,1000,0
132,5,Q敌方英雄,2,12;,2;13;,479;480;485;,714;,0,0,100,2000,0
132,6,Q敌方小兵,2,12;,2;13;,504;505;506;,715;,0,0,100,2001,0
132,7,E挡住敌方凶手,2,4;,2;13;,507;508;509;510;,804;,0,0,100,2002,0
132,8,R攻击残血敌人,2,12;,2;13;,511;514;512;513;,806;,0,0,100,2003,0
133,2,技能加点（劳勃）,0,1;7;,2;,,716;,0,0,100,3,0
133,1,买装备,0,1;3;27;,2;,,718;,0,0,100,2,0
133,4,激活天赋,0,7;,,,719;,0,0,100,1000,0
133,0,分配线路,0,1;,,,720;,0,0,0,1,0
133,3,使用技能策略集,2,12;,2;13;,,721;,0,0,0,1,0
133,7,进入中团阶段,0,16;,,486;,722;,0,0,0,1,0
133,8,出生移除45号buff增加2386（用作区分真假人）,0,1;,,,723;724;,0,0,0,1,0
133,5,警戒判断,0,21;,2;22;,,779;,0,0,100,1,0
133,6,预警,0,21;,2;22;,,780;,0,0,100,1,0
133,9,激活移动策略,0,1;,,,784;,0,0,100,1,0
134,0,普攻敌英雄,2,12;,2;,487;488;,732;,0,0,100,700,0
134,1,普攻敌小兵,2,12;,2;,489;490;,731;,0,0,100,600,0
134,2,普攻敌防御塔,2,12;,2;,491;492;,730;,0,0,100,800,0
134,3,普格敌水晶,2,12;,2;,493;494;,729;,0,0,100,900,0
134,4,普攻敌主堡,2,12;,2;,515;516;,728;,0,0,100,1000,0
134,5,Q敌英雄,2,12;,2;,517;518;525;,733;,0,0,100,1996,0
134,6,Q敌小兵,2,12;,2;,529;530;532;,811;,0,0,100,1997,0
134,8,E开启烧人,2,12;,2;,533;534;617;,816;,0,0,100,1999,0
134,9,对敌开R,2,12;,2;,618;619;620;621;,817;,0,0,100,2000,0
135,2,技能加点（卓戈）,0,1;7;,2;,,734;,0,0,100,3,0
135,1,买装备,0,1;3;27;,2;,,735;,0,0,100,2,0
135,4,激活天赋,0,7;,,,740;,0,0,100,1000,0
135,0,分配线路,0,1;,,,746;,0,0,0,1,0
135,3,攻击策略集,2,12;,2;13;,,766;,0,0,0,1,0
135,7,进入中团阶段,0,16;,,495;,767;,0,0,0,1,0
135,8,出生移除45号buff增加2386（用作区分真假人）,0,1;,,,768;769;,0,0,0,1,0
135,5,警戒判断,0,21;,2;22;,,781;,0,0,100,1,0
135,6,预警,0,21;,2;22;,,782;,0,0,100,1,0
135,9,激活移动策略,0,1;,,,785;,0,0,100,1,0
136,0,普攻敌英雄,2,12;,2;,622;623;,774;,0,0,100,70,0
136,1,普攻敌小兵,2,12;,2;,502;503;,772;,0,0,100,60,0
136,2,普攻敌水晶,2,12;,2;,500;501;,773;,0,0,100,80,0
136,3,普攻敌防御塔,2,12;,2;,498;499;,771;,0,0,100,90,0
136,4,普攻敌主堡,2,12;,2;,496;497;,770;,0,0,100,100,0
136,5,Q敌方英雄,2,12;,2;,624;625;626;,775;,0,0,100,1000,0
136,6,Q敌方小兵,2,12;,2;,627;628;629;,776;,0,0,1001,900,0
136,7,E敌方英雄,2,12;,2;,630;631;632;,818;,0,0,100,800,0
136,8,对敌开R,2,12;,2;,633;634;635;636;,819;,0,0,100,1100,0
60,0,攻击敌方凶手1000,1,5;,2;,360;361;362;,271;,0,0,100,1000,0
60,1,攻击最近英雄600,1,0;,2;,363;364;,360;,0,0,100,600,0
60,4,攻击敌方防御塔500,1,0;,2;,365;,361;,0,0,100,500,0
60,5,攻击敌方水晶400,1,0;,2;,383;384;,379;,0,0,100,400,0
60,6,攻击敌方基地700,1,0;,2;,385;386;,380;,0,0,100,700,0
60,7,攻击敌方小龙300,1,0;,2;,387;388;,383;,0,0,100,300,0
60,9,攻击中立小龙800,1,0;,2;,395;396;,384;,0,0,100,800,0
60,10,攻击中立大龙900,1,0;,2;,397;401;,524;,0,0,100,900,0
60,11,攻击中立野怪100,1,0;,2;,403;404;,525;,0,0,100,100,0
60,12,攻击敌方小兵200,1,0;,2;,531;535;,527;,0,0,100,200,0
60,2,出生自带buff,0,1;,2;,,528;,0,0,100,1,0
60,3,取最近路径,0,0;,2;,,529;,0,0,100,2,0
60,8,巡逻,1,0;,2;,,531;,0,0,100,90,0
60,13,触发跳跃,2,18;,2;,536;537;,532;,0,0,100,10000,0
60,14,判断主人在,4,0;,2;,538;,533;,0,0,100,1,0
60,15,判断主人不在,4,0;,2;,539;,539;,0,0,100,2,0
60,16,判断主人是否有2110（恶灵陨灭）,4,0;,2;,545;,552;,0,0,100,3,0
60,17,判断主人是否有2112（领主加持）,4,0;,2;,546;,553;,0,0,100,4,0
60,18,判断主人是否有2118（鬼影闪）,4,0;,2;,547;548;549;,566;,0,0,100,5,0
62,0,攻击敌方凶手1000,1,5;,2;,550;568;569;,587;,0,0,100,1000,0
62,1,攻击最近英雄600,1,0;,2;,570;571;,603;,0,0,100,600,0
62,4,攻击敌方防御塔500,1,0;,2;,573;,607;,0,0,100,500,0
62,5,攻击敌方水晶400,1,0;,2;,574;590;,614;,0,0,100,400,0
62,6,攻击敌方基地700,1,0;,2;,591;592;,630;,0,0,100,700,0
62,7,攻击敌方小龙300,1,0;,2;,593;598;,631;,0,0,100,300,0
62,9,攻击中立小龙800,1,0;,2;,599;600;,645;,0,0,100,800,0
62,10,攻击中立大龙900,1,0;,2;,601;603;,647;,0,0,100,900,0
62,11,攻击中立野怪100,1,0;,2;,605;671;,834;,0,0,100,100,0
62,12,攻击敌方小兵200,1,0;,2;,672;673;,835;,0,0,100,200,0
62,3,取最近路径,0,0;,2;,,836;,0,0,100,2,0
62,8,巡逻,1,0;,2;,,837;,0,0,100,90,0
62,13,出生自带日炎,0,1;,2;,,838;839;,0,0,100,3,0
62,2,判断主人在,4,0;,2;,674;,840;,0,0,100,1,0
62,14,判断主人不在,4,0;,2;,675;,841;,0,0,100,2,0
137,0,跑回城,1,0;,2;,676;,845;,0,0,0,1,1
138,0,攻击敌方凶手1000,2,5;,2;,677;678;679;,846;,0,0,100,1000,0
138,1,攻击最近英雄600,2,0;,2;,680;681;,849;,0,0,100,600,0
138,2,出生自带buff,0,1;,2;,,850;,0,0,100,1,0
138,4,攻击敌方防御塔500,2,0;,2;,682;683;,852;,0,0,100,500,0
138,3,自杀,0,1;,,,853;854;,0,0,100,2,0
138,5,攻击敌方水晶400,2,0;,2;,684;685;,858;,0,0,100,400,0
138,6,攻击敌方基地700,2,0;,2;,686;687;,859;,0,0,100,700,0
138,7,攻击敌方小龙300,2,0;,2;,688;689;,860;,0,0,100,300,0
138,8,死亡给主人加2998号buff,0,2;,,,861;,0,0,100,1,0
138,9,攻击中立小龙800,2,0;,2;,690;691;,863;,0,0,100,800,0
138,10,攻击中立大龙900,2,0;,2;,692;693;,864;,0,0,100,900,0
138,11,攻击中立野怪100,2,0;,2;,694;695;,865;,0,0,100,100,0
138,12,攻击敌方小兵200,2,0;,2;,696;697;,866;,0,0,100,200,0
84,0,小龙（反击）,1,4;,2;,698;,685;687;,0,0,100,10,0
84,1,返回（回血）,1,8;,2;,699;,688;689;,0,0,100,20,0
84,2,小龙（免控BUFF加升级BUFF）,0,1;,2;,,690;702;,0,0,100,10,0
84,3,小龙（丢失视野回归）野怪检测草丛以内,1,8;,2;,700;,871;872;,0,0,100,21,0
84,5,小龙（定时必杀技）,2,4;,2;8;,701;,873;,0,0,100,5,0
84,6,小龙（判断buff回归）,1,0;,2;,702;,874;875;,0,0,100,25,0
139,2,技能加点（李寻欢）,0,1;7;,2;,,877;,0,0,100,3,0
139,1,买装备,0,1;3;27;,2;,,878;,0,0,100,2,0
139,4,学习天赋（天赋）,0,7;,,,879;,0,0,100,100,0
139,16,使用技能,2,26;,2;,,880;,0,0,0,1,0
139,5,分配线路,0,1;,,,881;,0,0,0,1,0
139,6,中路抱团,0,16;,,703;,882;,0,0,0,1,0
139,7,出生移除45号buff（用作区分真假人）,0,1;,,,883;,0,0,0,1,0
140,0,普攻最优目标,2,26;,2;,,884;,0,0,100,1,0
140,1,Q消耗小兵（自己蓝量0.3以上时）,2,26;,2;,704;705;,885;,0,0,100,2,0
140,2,Q攻击英雄,2,26;,2;,706;,886;,0,0,100,3,0
140,4,R（敌方出现0.25血量以下英雄）,2,26;,2;,711;712;,888;,0,0,100,5,0
140,5,R（敌方出现300以下血量英雄）,2,26;,2;,713;714;,889;,0,0,100,6,0
141,2,技能加点（巨盾）,0,1;7;,2;,,887;,0,0,100,3,0
141,1,买装备,0,1;3;27;,2;,,890;,0,0,100,2,0
141,4,学习天赋（天赋）,0,7;,,,891;,0,0,100,100,0
141,16,使用技能,2,26;,2;,,892;,0,0,0,1,0
141,5,分配线路,0,1;,,,893;,0,0,0,1,0
141,6,中路抱团,0,16;,,707;,894;,0,0,0,1,0
141,7,出生移除45号buff（用作区分真假人）,0,1;,,,895;,0,0,0,1,0
142,0,普攻最优目标,2,26;,2;,,896;,0,0,100,1,0
142,1,Q帮队友推开敌人,2,5;,2;,708;709;719;720;721;,897;,0,0,100,2,0
142,2,E被攻击时开启,2,4;,2;,710;722;723;,898;,0,0,100,3,0
142,4,R自身周围人数很多时,2,26;,2;,716;715;,899;,0,0,100,5,0
142,5,R周围有残血敌人,2,26;,2;,717;718;,900;,0,0,100,6,0
143,2,技能加点（青蛙）,0,1;7;,2;,,901;,0,0,100,3,0
143,1,买装备,0,1;3;27;,2;,,902;,0,0,100,2,0
143,4,学习天赋（天赋）,0,7;,,,903;,0,0,100,100,0
143,16,使用技能,2,26;,2;,,904;,0,0,0,1,0
143,5,分配线路,0,1;,,,905;,0,0,0,1,0
143,6,中路抱团,0,16;,,724;,906;,0,0,0,1,0
143,7,出生移除45号buff（用作区分真假人）,0,1;,,,907;,0,0,0,1,0
144,0,普攻最优目标,2,26;,2;,,908;,0,0,100,1,0
144,1,Q敌方小兵,2,26;,2;,725;726;,909;,0,0,100,2,0
144,2,Q敌方英雄,2,26;,2;,727;,910;,0,0,100,3,0
144,3,E敌方英雄,2,26;,2;,728;729;730;,911;,0,0,100,4,0
144,4,E己方队友,2,5;,2;,731;732;733;734;735;,912;,0,0,100,5,0
144,5,R对方英雄（人多）,2,26;,2;,736;737;,913;,0,0,100,6,0
144,6,R对方英雄（残血）,2,26;,2;,738;739;,914;,0,0,100,7,0
145,2,技能加点（李小龙）,0,1;7;,2;,,915;,0,0,100,3,0
145,1,买装备,0,1;3;27;,2;,,916;,0,0,100,2,0
145,4,学习天赋（天赋）,0,7;,,,917;,0,0,100,100,0
145,16,使用技能,2,26;,2;,,918;,0,0,0,1,0
145,5,分配线路,0,1;,,,919;,0,0,0,1,0
145,6,中路抱团,0,16;,,740;,920;,0,0,0,1,0
145,7,出生移除45号buff（用作区分真假人）,0,1;,,,921;,0,0,0,1,0
146,0,普攻最优目标,2,26;,2;,,922;,0,0,100,1,0
146,1,Q敌方小兵,2,26;,2;,741;742;,923;,0,0,100,2,0
146,2,Q敌方英雄,2,26;,2;,743;,924;,0,0,100,3,0
146,3,E走敌方英雄,2,4;,2;,744;745;746;752;,925;,0,0,100,4,0
146,4,E帮己方队友踢走敌人,2,5;,2;,747;748;749;750;751;,926;,0,0,100,5,0
146,6,R对方英雄（残血）,2,26;,2;,754;755;,928;,0,0,100,7,0
147,2,技能加点（异鬼）,0,1;7;,2;,,927;,0,0,100,3,0
147,1,买装备,0,1;3;27;,2;,,929;,0,0,100,2,0
147,4,学习天赋（天赋）,0,7;,,,930;,0,0,100,100,0
147,16,使用技能,2,26;,2;,,931;,0,0,0,1,0
147,5,分配线路,0,1;,,,932;,0,0,0,1,0
147,6,中路抱团,0,16;,,753;,933;,0,0,0,1,0
147,7,出生移除45号buff（用作区分真假人）,0,1;,,,934;,0,0,0,1,0
148,0,普攻最优目标,2,26;,2;,,935;,0,0,100,1,0
148,1,Q敌方小兵,2,26;,2;,756;757;,936;,0,0,100,2,0
148,2,Q敌方英雄,2,26;,2;,758;,937;,0,0,100,3,0
148,4,E敌方小兵,2,26;,2;,765;766;,940;,0,0,100,5,0
148,5,E敌方英雄,2,26;,2;,767;,941;,0,0,100,6,0
148,6,R敌方英雄,2,26;,2;,768;769;,942;,0,0,100,7,0
148,3,Q还击大龙,2,4;,2;,759;760;761;,938;,0,0,100,4,0
148,7,Q还击小龙,2,4;,2;,762;763;764;,939;,0,0,100,8,0
149,2,技能加点（龙猫）,0,1;7;,2;,,943;,0,0,100,3,0
149,1,买装备,0,1;3;27;,2;,,944;,0,0,100,2,0
149,4,学习天赋（天赋）,0,7;,,,945;,0,0,100,100,0
149,16,使用技能,2,26;,2;,,946;,0,0,0,1,0
149,5,分配线路,0,1;,,,947;,0,0,0,1,0
149,6,中路抱团,0,16;,,770;,948;,0,0,0,1,0
149,7,出生移除45号buff（用作区分真假人）,0,1;,,,949;,0,0,0,1,0
150,0,普攻最优目标,2,26;,2;,,950;,0,0,100,1,0
150,2,Q单发消耗敌方英雄（3501）,2,26;,2;,773;775;,952;,0,0,100,2,0
150,1,Q蓝量充足多发连击残血敌人,2,26;,2;,776;777;778;,953;,0,0,100,3,0
150,3,E常规消耗敌方小兵（3502）,2,26;,2;,779;780;893;,954;,0,0,100,4,0
150,4,E常规消耗敌方英雄（3502）,2,26;,2;,781;782;,955;,0,0,100,5,0
150,5,R对残血敌人释放,2,26;,2;,771;772;774;,951;,0,0,100,6,0
150,6,E血量充足多发连击残血敌人,2,26;,2;,783;784;785;,956;,0,0,100,7,0
151,2,技能加点（炸弹人）,0,1;7;,2;,,957;,0,0,100,3,0
151,1,买装备,0,1;3;27;,2;,,958;,0,0,100,2,0
151,4,学习天赋（天赋）,0,7;,,,959;,0,0,100,100,0
151,16,使用技能,2,26;,2;,,960;,0,0,0,1,0
151,5,分配线路,0,1;,,,961;,0,0,0,1,0
151,6,中路抱团,0,16;,,786;,962;,0,0,0,1,0
151,7,出生移除45号buff（用作区分真假人）,0,1;,,,963;,0,0,0,1,0
152,0,普攻最优目标,2,26;,2;,,964;,0,0,100,1,0
152,3,E消耗英雄,2,26;,2;,792;,967;,0,0,100,2,0
152,4,R保护自己,2,4;,2;,790;791;793;794;,968;,0,0,100,3,0
152,5,R对敌释放,2,26;,2;,796;798;,969;,0,0,100,4,0
152,6,R保护队友,2,26;,2;,795;797;799;800;801;,970;,0,0,100,5,0
152,1,Q开启炸弹倒计时,2,21;,2;,787;788;789;,965;,0,0,100,6,0
152,2,Q消耗小兵丢炸弹,2,26;,2;,888;889;890;,966;,0,0,100,7,0
152,8,Q消耗英雄丢炸弹,2,26;,2;,891;892;,1050;,0,0,100,8,0
153,2,技能加点（东洋剑客）,0,1;7;,2;,,971;,0,0,100,3,0
153,1,买装备,0,1;3;27;,2;,,972;,0,0,100,2,0
153,4,学习天赋（天赋）,0,7;,,,973;,0,0,100,100,0
153,16,使用技能,2,26;,2;,,974;,0,0,0,1,0
153,5,分配线路,0,1;,,,975;,0,0,0,1,0
153,6,中路抱团,0,16;,,802;,976;,0,0,0,1,0
153,7,出生移除45号buff（用作区分真假人）,0,1;,,,977;,0,0,0,1,0
154,0,普攻最优目标（普攻）,2,26;,2;,,978;,0,0,100,1,0
154,2,Q尝试抵挡,2,4;,2;,803;804;805;808;,979;,0,0,100,3,0
154,3,Q释放剑气横扫,2,26;,2;,806;807;,980;,0,0,100,4,0
154,4,开启E,2,4;,2;,809;810;811;812;813;,981;,0,0,100,5,0
154,5,释放R,2,26;,2;,814;815;816;,982;,0,0,100,6,0
155,2,技能加点（虫子）,0,1;7;,2;,,983;,0,0,100,3,0
155,1,买装备,0,1;3;27;,2;,,984;,0,0,100,2,0
155,4,学习天赋（天赋）,0,7;,,,985;,0,0,100,100,0
155,16,使用技能,2,26;,2;,,986;,0,0,0,1,0
155,5,分配线路,0,1;,,,987;,0,0,0,1,0
155,6,中路抱团,0,16;,,817;,988;,0,0,0,1,0
155,7,出生移除45号buff（用作区分真假人）,0,1;,,,989;,0,0,0,1,0
156,0,普攻最优目标（普攻）,2,26;,2;,,990;,0,0,100,1,0
156,1,Q钻地（脱离战斗或脱离视野）,2,22;29;,2;,818;821;822;,991;,0,0,100,2,0
156,2,Q钻地（受到攻击）,2,4;,2;,819;820;,992;,0,0,100,3,0
156,4,Q出土（对敌人释放）敌人不在塔下,2,26;,2;,823;824;825;,993;,0,0,100,5,0
156,5,开启E收兵,2,26;,2;,826;827;,994;,0,0,100,6,0
156,6,开启E打人,2,26;,2;,828;,995;,0,0,100,7,0
156,7,开启E清野,2,26;,2;,829;,996;,0,0,100,8,0
156,8,R关门（敌人残血）,2,26;,2;,830;833;,997;,0,0,100,9,0
156,9,R关门（己方人多）,2,26;,2;,831;832;834;835;,998;,0,0,100,10,0
156,3,R开门（敌人已死）,2,26;,2;,836;837;,999;,0,0,100,11,0
156,11,R开门（自己残血）,2,4;,2;,838;839;,1000;,0,0,100,13,0
156,12,R开门（队友残血）,2,5;,2;,840;841;842;,1001;,0,0,100,14,0
157,2,技能加点（时空）,0,1;7;,2;,,1002;,0,0,100,3,0
157,1,买装备,0,1;3;27;,2;,,1003;,0,0,100,2,0
157,4,学习天赋（天赋）,0,7;,,,1004;,0,0,100,100,0
157,16,使用技能,2,26;,2;,,1005;,0,0,0,1,0
157,5,分配线路,0,1;,,,1006;,0,0,0,1,0
157,6,中路抱团,0,16;,,843;,1007;,0,0,0,1,0
157,7,出生移除45号buff（用作区分真假人）,0,1;,,,1008;,0,0,0,1,0
158,0,普攻最优目标（普攻）,2,26;,2;,,1009;,0,0,100,1,0
158,3,E小兵,2,26;,2;,847;848;,1011;,0,0,100,4,0
158,4,E英雄,2,26;,2;,849;,1012;,0,0,100,5,0
158,5,R丢给残血敌人,2,26;,2;,850;851;,1013;,0,0,100,6,0
158,1,Q残血逃跑,2,4;,2;,844;845;846;,1010;,0,0,100,7,0
159,2,技能加点（鹿灵）,0,1;7;,2;,,1014;,0,0,100,3,0
159,1,买装备,0,1;3;27;,2;,,1015;,0,0,100,2,0
159,4,学习天赋（天赋）,0,7;,,,1016;,0,0,100,100,0
159,16,使用技能,2,26;,2;,,1017;,0,0,0,1,0
159,5,分配线路,0,1;,,,1018;,0,0,0,1,0
159,6,中路抱团,0,16;,,852;,1019;,0,0,0,1,0
159,7,出生移除45号buff（用作区分真假人）,0,1;,,,1020;,0,0,0,1,0
160,0,普攻最优目标（普攻）,2,26;,2;,,1021;,0,0,100,1,0
160,2,Q丢在自己旁,2,4;,2;,853;854;859;,1022;,0,0,100,3,0
160,3,Q丢在队友旁,2,5;,2;,860;863;864;866;,1023;,0,0,100,4,0
160,4,E捆住过近敌人,2,26;,2;,867;868;,1024;,0,0,100,5,0
160,5,E捆住过远敌人,2,26;,2;,869;870;871;,1025;,0,0,100,6,0
160,6,R放在敌人旁,2,26;,2;,876;877;,1027;,0,0,100,7,0
160,7,R放在自己旁,2,4;,2;,872;873;874;875;,1026;,0,0,100,8,0
162,0,红BUFF（受伤反击敌人）,1,4;5;,2;,880;881;,1034;,0,0,100,10,0
162,4,出生加升级BUFF,0,1;,,,1038;,0,1,100,30,0
162,1,回归,1,0;,2;,882;,1030;,0,0,100,40,0
161,0,小龙（反击）,1,4;,2;,878;,1028;,0,0,100,10,0
161,2,小龙（免控BUFF加升级BUFF）,0,1;,2;,,1033;1035;,0,0,100,10,0
161,5,小龙（定时必杀技）,2,4;,2;8;,884;,1039;,0,0,100,5,0
161,1,出生自带刷怪buff,0,1;3;,,,1059;,0,0,100,10,0
163,0,回血阵（不可选中）,0,1;,2;,,1029;,0,0,200,10,0
163,1,加血技能,2,15;,2;,879;,1031;1032;,0,0,600,10,0
164,0,回血阵（不可选中）,0,1;,2;,,1036;,0,0,200,10,0
164,1,加血技能,2,15;,2;,883;,1037;1040;,0,0,600,10,0
165,0,回血阵（不可选中）,0,1;,2;,,1041;,0,0,200,10,0
165,1,加血技能,2,15;,2;,885;,1042;1043;,0,0,600,10,0
166,0,回血阵（不可选中）,0,1;,2;,,1044;,0,0,200,10,0
166,1,加血技能,2,15;,2;,886;,1045;1046;,0,0,600,10,0
167,0,回血阵（不可选中）,0,1;,2;,,1047;,0,0,200,10,0
167,1,加血技能,2,15;,2;,887;,1048;1049;,0,0,600,10,0
168,0,回血阵（不可选中）,0,1;,2;,,1051;,0,0,200,10,0
168,1,加血技能,2,15;,2;,894;,1052;1053;,0,0,600,10,0
169,0,眼（自杀buff）,0,1;,,,1056;,0,0,100,10,0
169,1,眼（隐身和反隐buff）,0,1;,2;,,1057;1058;,0,0,100,11,0
170,1,暴露自己视野,0,1;3;,,,1061;,0,0,100,1,0
170,0,倒计时自杀,0,1;3;,,,1063;,0,0,100,2,0
171,0,倒计时自杀,0,1;3;,,,1060;,0,0,100,1,0
171,1,全图广播,0,1;,,,1069;,0,1,100,1,0
172,0,出生自带buff调用随机刷怪,0,1;3;,,,1062;,0,0,100,1,0
173,0,红BUFF（受伤反击敌人）,1,4;5;,2;,895;896;,1064;,0,0,100,10,0
173,4,出生加升级BUFF,0,1;,,,1065;,0,1,100,30,0
173,2,出生加掉装ＢＵＦＦ,0,1;,,,1073;,0,0,100,50,0
174,0,红BUFF（受伤反击敌人）,1,4;5;,2;,898;899;,1067;,0,0,100,10,0
174,4,出生加升级BUFF,0,1;,,,1068;,0,1,100,30,0
174,2,出生加掉装ＢＵＦＦ,0,1;,,,1074;,0,0,100,1,0
175,0,红BUFF（受伤反击敌人）,1,4;5;,2;,901;902;,1070;,0,0,100,10,0
175,4,出生加升级BUFF,0,1;,,,1071;,0,1,100,30,0
176,0,出生自杀,0,1;,,,1066;,0,1,100,100,0
177,0,红BUFF（受伤反击敌人）,1,4;5;,2;,897;900;,1072;,0,0,100,10,0
177,4,出生加升级BUFF,0,1;,,,1075;,0,1,100,30,0
177,2,出生加掉装ＢＵＦＦ,0,1;,,,1076;,0,0,100,50,0
178,0,红BUFF（受伤反击敌人）,1,4;5;,2;,903;904;,1077;,0,0,100,10,0
178,4,出生加升级BUFF,0,1;,,,1078;,0,1,100,30,0
178,2,出生加掉装ＢＵＦＦ,0,1;,,,1079;,0,0,100,50,0
179,2,跟随主人,1,0;,,925;,1090;,0,0,100,10000,0
179,0,使用Q技能,2,5;,2;,905;906;,1080;,0,0,100,1,0
179,1,使用R技能,2,5;,2;,907;908;909;,1081;,0,0,100,2,0
179,3,主人死亡销毁自身,0,25;,,,1082;,0,0,100,100,0
180,0,跟随主人,1,0;,2;25;,910;,1083;,1,0,100,999,0
180,1,冲锋（出去）,1,18;,2;25;,911;,1084;1089;1087;,0,0,100,200,0
180,2,冲锋（回来）,1,18;,2;25;,912;,1085;1091;,0,0,100,210,0
180,3,传回,2,0;,,915;,1086;1092;1097;1100;1101;,0,0,100,100000,0
180,4,吸附主人,1,0;,2;25;,913;917;,1088;1096;1094;1098;1099;,0,0,100,300,0
180,5,吸附队友,1,0;,2;25;,916;918;,1093;1095;1102;,0,0,100,299,0
180,6,触发R(自己),2,18;,2;25;,914;,1103;,0,0,100,100,0
180,7,触发R（队友）,2,18;,2;25;,919;,1104;,0,0,100,100,0
180,8,空放R,2,18;,2;25;,920;921;,1105;,0,0,100,100,0
180,9,放E技能,3,18;,2;25;,922;,1106;,0,0,100,100,0
181,2,技能加点（男巫）,0,1;7;,2;,,1107;,0,0,100,3,0
181,1,买装备,0,1;3;27;,2;,,1108;,0,0,100,2,0
181,4,学习天赋（天赋）,0,7;,,,1109;,0,0,100,100,0
181,16,使用技能,2,26;,2;,,1110;,0,0,0,1,0
181,5,分配线路,0,1;,,,1111;,0,0,0,1,0
181,6,中路抱团,0,16;,,923;,1112;,0,0,0,1,0
181,7,出生移除45号buff（用作区分真假人）,0,1;,,,1113;,0,0,0,1,0
182,0,普攻最优目标（男巫）,2,26;,2;,,1114;,0,0,100,1,0
182,1,Q敌方小兵,2,26;,2;,924;926;,1115;,0,0,100,2,0
182,2,Q敌方英雄,2,26;,2;,927;,1116;,0,0,100,3,0
182,3,E先手消耗敌人,2,26;,2;,928;930;,1117;,0,0,100,4,0
182,4,二段E飞回,2,26;,2;,929;932;933;,1118;,0,0,100,5,0
182,6,二段E飞回（残血时）,2,4;,2;,936;937;,1120;,0,0,100,7,0
182,5,R先手,2,26;,2;,931;934;,1121;,0,0,100,8,0
182,7,R反手,2,4;,4;,935;938;939;940;,1119;,0,0,100,9,0
183,2,技能加点（红毒蛇）,0,1;7;,2;,,1122;,0,0,100,3,0
183,1,买装备,0,1;3;27;,2;,,1123;,0,0,100,2,0
183,4,学习天赋（天赋）,0,7;,,,1124;,0,0,100,100,0
183,16,使用技能,2,26;,2;,,1125;,0,0,0,1,0
183,5,分配线路,0,1;,,,1126;,0,0,0,1,0
183,6,中路抱团,0,16;,,941;,1127;,0,0,0,1,0
183,7,出生移除45号buff（用作区分真假人）,0,1;,,,1128;,0,0,0,1,0
184,0,普攻最优目标（红毒蛇）,2,26;,2;,,1129;,0,0,100,1,0
184,2,Q敌方英雄,2,26;,2;,944;942;,1131;,0,0,100,2,0
184,1,Q二段突进,2,26;,2;,943;945;,1130;,0,0,100,3,0
184,3,E清兵,2,26;,2;,946;947;948;,1132;,0,0,100,4,0
184,4,E破敌,2,26;,2;,949;950;,1133;,0,0,100,5,0
184,5,二段E倒退,2,4;,2;,951;952;953;,1134;,0,0,100,6,0
184,6,R（有敌残血）,2,26;,2;,954;955;,1135;,0,0,100,7,0
184,7,R（敌人较多）,2,26;,2;,956;957;,1136;,0,0,100,8,0
