提示ID,文字描述,消息类型,消息位置（1聊天框，2技能位置1，3技能位置2，4屏幕正中下方，5通用弹窗）,文字显示时间,场景标识(1客户端使用，2场景服使用，3社会服使用，4登录服使用，5网关服使用,标题（适用于弹窗消息）
int,string,int,string,int,int,string
-3,{1},1,1,,1,
-2,"你操作太频繁,{1}秒后再试",1,2,2000,1,
-1,{1},1,2,2000,1,
1,[b][size=24]技能冷却中[/size][/b],1,2,2000,1,
2,[b][size=24]生命值不足[/size][/b],1,2,2000,1,
3,[b][size=24]魔法值不足[/size][/b],1,2,2000,1,
4,[b][size=24]怒气值不足[/size][/b],1,2,2000,1,
5,[b][size=24]体力值不足[/size][/b],1,2,2000,1,
6,[b][size=24]金钱不足[/size][/b],1,2,2000,1,
7,[b][size=24]请选择有效的目标[/size][/b],1,3,2000,1,
8,[b][size=24]需要选中目标[/size][/b],1,3,,1,
9,[b][size=24]无法使用技能[/size][/b],1,2,2000,1,
10,[b][size=24]正处于死亡状态[/size][/b],1,2,2000,1,
11,[b][size=24]目标有阻挡无法释放[/size][/b],1,2,2000,1,
12,[b][size=24]目标处于无敌状态无法释放[/size][/b],1,2,2000,1,
13,[b][size=24]目标处于魔免状态无法释放[/size][/b],1,2,2000,1,
14,[b][size=24]距离目标过远[/size][/b],1,2,2000,1,
15,[b][size=24]激活天赋失败，未达到激活条件[/size][/b],1,2,2000,1,
16,[b][size=24]释放失败，需要学习该技能[/size][/b],1,2,2000,1,
17,[b][size=24]该技能没有准备好[/size][/b],1,2,1000,1,
18,[b][size=24]选择对象无效[/size][/b],1,2,1000,1,
19,[b][size=24]与目标之间有障碍物或结界[/size][/b],1,2,2000,1,
20,[b][size=24]翅膀飞行至少需要{1}点体力![/size][/b],1,2,2000,1,
21,[b][size=24]飞行失败，需要购买飞行卷轴才可飞行[/size][/b],1,2,2000,1,
22,[b][size=24]当前地图不允许加速飞行[/size][/b],1,2,2000,1,
23,[b][size=24]翅膀加速飞行至少需要{1}点体力![/size][/b],1,2,2000,1,
24,[b][size=24]当前处于控制状态，无法使用技能[/size][/b],1,2,2000,1,
25,[b][size=24]激活{1}天赋[/size][/b],1,2,2000,1,
26,[b][size=24]只能对{1}释放[/size][/b],1,2,2000,1,
27,[b][size=24]不能和自己决斗[/size][/b],1,2,2000,1,
28,[b][size=24]请选择有效的决斗目标[/size][/b],1,2,2000,1,
29,[b][size=24]目标不存在[/size][/b],1,2,2000,1,
30,[b][size=24]决斗距离过远[/size][/b],1,2,2000,1,
31,[b][size=24]你操作太频繁，{1}秒再试[/size][/b],1,2,2000,1,
32,[b][size=24]不在同场景，不可决斗[/size][/b],1,2,2000,1,
33,[b][size=24]目标正忙，请稍后再试[/size][/b],1,2,2000,1,
34,[b][size=24]{1}拒绝了你的决斗请求[/size][/b],1,2,2000,1,
35,[b][size=24]无有效决斗请求，或者决斗请求已过期[/size][/b],1,2,2000,1,
36,[b][size=24]玩家已下线或者不在本场景，操作失败[/size][/b],1,2,2000,1,
37,[b][size=24]目标当前状态不可决斗，请稍后再试[/size][/b],1,2,2000,1,
38,[b][size=24]正在决斗中，不能进行该操作[/size][/b],1,2,2000,1,
39,[b][size=24]你离开战斗范围过远，决斗结束[/size][/b],1,2,2000,1,
40,[b][size=24]你被击杀，决斗结束[/size][/b],1,2,2000,1,
41,[b][size=24]超过战斗时间，决斗结束[/size][/b],1,2,2000,1,
42,[b][size=24]决斗中下线，决斗结束[/size][/b],1,2,2000,1,
43,[b][size=24]{1}[/size][/b],1,2,2000,1,
44,[b][size=24]你主动取消决斗，决斗结束[/size][/b],1,2,2000,1,
45,{1}与{2}激烈决斗，不分上下,1,1,,1,
46,恭喜{1}，在决斗中战胜{2},1,1,,1,
47,[b][size=24]你已向目标发送决斗请求，请不要重复操作[/size][/b],1,2,2000,1,
48,[b][size=24]向{1}发起决斗请求成功[/size][/b],1,2,2000,1,
49,[b][size=24]本地图禁止决斗[/size][/b],1,2,2000,1,
50,[b][size=24]当前状态不允许激活天赋[/size][/b],1,2,2000,1,
51,[b][size=24]翅膀飞行至少需要{1}点魔法![/size][/b],1,2,2000,1,
52,[b][size=24]翅膀飞行至少需要{1}点能量![/size][/b],1,2,2000,1,
53,[b][size=24]翅膀加速飞行至少需要{1}点魔法![/size][/b],1,2,2000,1,
54,[b][size=24]翅膀加速飞行至少需要{1}点能量![/size][/b],1,2,2000,1,
55,[b][size=24]请退出系统匹配再发起决斗请求![/size][/b],1,2,2000,1,
56,[b][size=24]金币操作失败!请联系管理员！[/size][/b],1,2,2000,1,
57,[b][size=24]点卷操作失败!请联系管理员！[/size][/b],1,2,2000,1,
58,[b][size=24]请退出战场再查看该内容！[/size][/b],1,2,2000,1,
1000,[b][size=24]你还有未处理的滴答提示，请处理后再继续打开[/size][/b],1,2,2000,1,
2000,{1},1,1,,1,
2001,[b][size=24]请输入正确格式的身份证号[/size][/b],1,2,2000,1,
3900,[b][size=24]当前状态下无法使用此技能[/size][/b],1,2,2000,1,
3901,[b][size=24]当前处于控制状态，无法使用{1}技能[/size][/b],1,2,2000,1,
3902,[b][size=24]条件不足，无法释放[/size][/b],1,2,2000,1,
3903,[b][size=24]使用次数达到上限[/size][/b],1,2,2000,1,
3904,[b][size=24]位置校验失败，与服务器位置相距超过3米[/size][/b],1,2,2000,1,
3905,[b][size=24]充能层数不足！[/size][/b],1,2,2000,1,
3960,[b][size=24]连跳次数达到上限，3秒后可以再次使用[/size][/b],1,2,2000,1,
3961,[b][size=24]使用次数达到上限[/size][/b],1,2,2000,1,
4001,[b][size=24]操作过于频繁，标记冷却中[/size][/b],1,2,2000,1,
4002,[b][size=24]角色处于战斗状态，不能切换上帝视角[/size][/b],1,2,2000,1,
4003,[b][size=24]{1}({2})标记了-{3}({4})[/size][/b],1,2,2000,1,
4004,[b][size=24]{1}({2})让你远离-{3}({4})[/size][/b],1,2,2000,1,
4005,[b][size=24]{1}({2})在({3})请求协助[/size][/b],1,2,2000,1,
4006,[b][size=24]{1}({2})标记了防御塔({3})[/size][/b],1,2,2000,1,
4007,[b][size=24]{1}({2})让你远离敌方防御塔({3})[/size][/b],1,2,2000,1,
4008,[b][size=24]{1}({2})标记了野怪({3})[/size][/b],1,2,2000,1,
4009,[b][size=24]{1}({2})让你远离敌方野怪({3})[/size][/b],1,2,2000,1,
4010,[b][size=24]{1}({2})提示危险，小心行事[/size][/b],1,2,2000,1,
4011,[b][size=24]{1}({2})正在赶来[/size][/b],1,2,2000,1,
4012,[b][size=24]{1}({2})正在请求协助[/size][/b],1,2,2000,1,
4013,[b][size=24]{1}({2})示意敌人不见了[/size][/b],1,2,2000,1,
4014,[b][size=24]已达到拥有最大数量，无法购买物品！[/size][/b],1,2,2000,1,
4015,[b][size=24]金钱不够，无法购买物品！[/size][/b],1,2,2000,1,
4016,[b][size=24]此战场没有此种物品的信息[/size][/b],1,2,2000,1,
4017,[b][size=24]回城才能出售物品！[/size][/b],1,2,2000,1,
4018,[b][size=24]回城才能购买物品！[/size][/b],1,2,2000,1,
4019,[b][size=24]智能机器人{1}开始跟随您[/size][/b],1,2,2000,1,
4020,[b][size=24]智能机器人{1}不再跟随您[/size][/b],1,2,2000,1,
4021,[b][size=24]您的智能机器人以{1}为攻击目标[/size][/b],1,2,2000,1,
4022,[b][size=24]您的智能机器人以敌方基地为攻击目标[/size][/b],1,2,2000,1,
4023,[b][size=24]您的智能机器人以敌方防御塔为攻击目标[/size][/b],1,2,2000,1,
4024,[b][size=24]您的智能机器人以敌方士兵为攻击目标[/size][/b],1,2,2000,1,
4025,[b][size=24]您的智能机器人以中立生物为攻击目标[/size][/b],1,2,2000,1,
4026,[b][size=24]您的智能机器人正在前往该处[/size][/b],1,2,2000,1,
4027,[b][size=24]您的智能机器人开始跟随您的队友{1}[/size][/b],1,2,2000,1,
4028,[b][size=24]物品已满，无法购买更多物品![/size][/b],1,2,2000,1,
4029,[b][size=24]物品限制购买![/size][/b],1,2,2000,1,
4030,[b][size=24]购买冷却中，请稍后再进行操作![/size][/b],1,2,2000,1,
4031,{1}[text color=255+0+0]战场将在{2}分钟后关闭，本场比赛按双方当前局势仲裁后评定胜负[/text],,1,,1,
4032,{1}[text color=255+0+0]战场将在{2}秒后关闭，本场比赛按双方当前局势仲裁后评定胜负[/text],,1,,1,
4033,{1}[text color=255+0+0]{2}[/text],,1,,1,
4034,系统检测您消极游戏属实，现已将你驱逐出本次战场。,1,5,,1,裁决判定
4035,[b][size=24]购买冷却中，剩余{1}秒[/size][/b],1,2,3000,1,
4036,[b][size=24]淘汰1人-剩余{1}人[/size][/b],1,2,3000,1,
4037,[b][size=24]与本体基因相同，无需收集[/size][/b],1,2,3000,1,
4038,[b][size=24]该基因已经被收集[/size][/b],1,2,3000,1,
4039,[b][size=24]淘汰{1}玩家，收集{2}的影响基因[/size][/b],1,2,3000,1,
4040,{1}在安全区外被毒圈淘汰,1,1,,1,
4041,[b][size=24]您击倒了{1}[/size][/b],1,2,3000,1,
6001,[b][size=24]您发送相似的消息过于频繁，请稍后再发[/size][/b],1,2,2000,1,
6002,[b][size=24]请加入队伍后使用[/size][/b],1,2,2000,1,
6003,[b][size=24]请先进入一个战场[/size][/b],1,2,2000,1,
6004,[b][size=24]请进入开战房间后使用[/size][/b],1,2,2000,1,
6005,[b][size=24]请加入战队后使用[/size][/b],1,2,2000,1,
6006,[b][size=24]你的战队还没有加入联盟[/size][/b],1,2,2000,1,
6007,[b][size=24]你发送消息过于频繁，请在{1}秒后再发送[/size][/b],1,2,2000,1,
6008,[b][size=24]您的角色等级不足{1}级，不能在该频道发言[/size][/b],1,2,2000,1,
6009,[b][size=24]请进入开战房间后使用[/size][/b],1,2,2000,1,
6010,[b][size=24]您的点击过于频繁，请稍后再试[/size][/b],1,2,2000,1,
8001,[size=24]{1}[/size],1,4,2000,1,
8002,[size=24]正在帮您强制登录，请稍候...[/size],1,4,2000,1,
8003,[size=24]迁移失败！[/size],1,4,2000,1,
8004,[size=30]角色名太短或不能含有特殊符号[/size],1,4,2000,1,
8005,[size=30]请选择英雄[/size],1,4,2000,1,
8006,[size=30]请选择性别[/size],1,4,2000,1,
10001,[b][size=24]战队已经解散了！[/size][/b],1,2,2000,1,
10002,[b][size=24]您已经拥有战队[/size][/b],1,2,2000,1,
10003,[b][size=24]您没有操作权限[/size][/b],1,2,2000,1,
10004,[b][size=24]队长不能退出战队[/size][/b],1,2,2000,1,
10005,[b][size=24]您已提交申请，请等待该战队队长接收[/size][/b],1,2,2000,1,
10006,[b][size=24]该战队申请列表已经达到10人，不能申请[/size][/b],1,2,2000,1,
10007,[b][size=24]您有战队了，请先退出战队再申请[/size][/b],1,2,2000,1,
10008,[b][size=24]申请战队过多，无法申请加入战队[/size][/b],1,2,2000,1,
10009,[b][size=24]您与该战队申请条件不符，申请被拒绝[/size][/b],1,2,2000,1,
10010,[b][size=24]对方已经不在本战队的申请列表了，请重新打开界面刷新[/size][/b],1,2,2000,1,
10011,[b][size=24]您离开战队还不满{1}小时[/size][/b],1,2,2000,1,
10012,[b][size=24]申请人员已经有战队[/size][/b],1,2,2000,1,
10013,[b][size=24]创建战队成功[/size][/b],1,2,2000,1,
10014,[b][size=24]您拒绝{1}加入您的战队[/size][/b],1,2,2000,1,
10015,[b][size=24]您被【{1}】拒绝加入战队:【{2}】[/size][/b],1,2,2000,1,
10016,[b][size=24]您当前没有战队[/size][/b],1,2,2000,1,
10017,[b][size=25]不能开除队长[/size][/b],1,2,2000,1,
10018,[b][size=26]不能开除副队长[/size][/b],1,2,2000,1,
10019,[b][size=27]申请加入成功[/size][/b],1,2,2000,1,
10020,[b][size=27]修改公告成功[/size][/b],1,2,2000,1,
10021,[b][size=27]修改自动设置成功[/size][/b],1,2,2000,1,
10022,[b][size=27]请选中需要操作的成员[/size][/b],1,2,2000,1,
10023,[b][size=27]请输入战队名称[/size][/b],1,2,2000,1,
10024,大家好，我是新来的成员,1,,,1,
10025,[b][size=27]该战队已经满员，不能申请[/size][/b],1,2,2000,1,
10026,[b][size=27]只有队长才可以任命职位[/size][/b],1,2,2000,1,
10027,[b][size=27]不能任命自己职位[/size][/b],1,2,2000,1,
10028,[b][size=27]此玩家已经是[{1}]了[/size][/b],1,2,2000,1,
10029,[b][size=27]您的战队已经拥有[{1}]个副队长，不能任命更多[/size][/b],1,2,2000,1,
10030,[b][size=27]您被升职为{1}[/size][/b],1,2,2000,1,
10031,[b][size=27]您被降职为{1}[/size][/b],1,2,2000,1,
10032,[b][size=27]请输入战队标签[/size][/b],1,2,2000,1,
10033,[b][size=27]战队名称长度有误，请修改后重试[/size][/b],1,2,2000,1,
10034,[b][size=27]战队标签长度有误，请修改后重试[/size][/b],1,2,2000,1,
10035,[b][size=27]战队名称含有敏感字符[{1}]，请修改后重试[/size][/b],1,2,2000,1,
10036,[b][size=27]战队标签含有敏感字符[{1}]，请修改后重试[/size][/b],1,2,2000,1,
10037,[b][size=27]金币不够，创建战队需要{1}金币！[/size][/b],1,2,2000,1,
10038,[b][size=27]您没有战队，无法修改战队名称！[/size][/b],1,2,2000,1,
10039,[b][size=27]您已加入别的战队，无法修改战队名称！[/size][/b],1,2,2000,1,
10040,[b][size=27]您不是战队队长，无法修改！[/size][/b],1,2,2000,1,
10041,[b][size=27]您没有加入战队，不能邀请！[/size][/b],1,2,2000,1,
10042,[b][size=27]您没有邀请成员的权限，只有队长和副队长才可以招收成员[/size][/b],1,2,2000,1,
10043,[b][size=27]您邀请的玩家不在线[/size][/b],1,2,2000,1,
10044,[b][size=27]对方已经有战队了，不能邀请[/size][/b],1,2,2000,1,
10045,[b][size=27]邀请已经发送，等待对方回复[/size][/b],1,2,2000,1,
10046,[b][size=27]邀请您的战队已经不存在了[/size][/b],1,2,2000,1,
10047,[b][size=27]您已经有战队了[/size][/b],1,2,2000,1,
10048,[b][size=27]对方战队人数已经满了[/size][/b],1,2,2000,1,
10049,[b][size=27]战队名字中间不能有空格！[/size][/b],1,2,2000,1,
10050,[b][size=27]创建战队至少要{1}级！[/size][/b],1,2,2000,1,
10051,[b][size=27]战队公告含有敏感字符，请修改后重试 [/size][/b],1,2,2000,1,
10052,[b][size=27]恭喜玩家[{1}]加入战队[/size][/b],1,2,2000,1,
10053,[b][size=27]你的战队正在参加杯赛，无法解散战队！[/size][/b],1,2,2000,1,
10054,[b][size=27]请选中需要操作的成员！[/size][/b],1,2,2000,1,
10501,[size=24]您不是正式战队成员，无法创建联盟[/size],1,2,2000,1,
10502,[b][size=24]您不是战队队长，不能创建联盟[/size][/b],1,2,2000,1,
10503,[b][size=24]您的战队已经加入了联盟，不能创建联盟[/size][/b],1,2,2000,1,
10504,[b][size=24]只有盟主才可以解散联盟[/size][/b],1,2,2000,1,
10505,[b][size=24]只有盟主才可以取消解散联盟[/size][/b],1,2,2000,1,
10506,[b][size=24]您不是正式战队成员，不能响应联盟[/size][/b],1,2,2000,1,
10507,[b][size=24]您不是战队队长，不能响应联盟[/size][/b],1,2,2000,1,
10508,[b][size=24]您战队已经加入联盟了，不能响应联盟[/size][/b],1,2,2000,1,
10509,[b][size=24]您还没有战队，请先加入战队[/size][/b],1,2,2000,1,
10510,[b][size=24]只有战队的队长才可以申请加入联盟[/size][/b],1,2,2000,1,
10511,[b][size=24]该联盟已经满员，不能申请[/size][/b],1,2,2000,1,
10512,[b][size=24]该联盟申请列表已经达到10人，不能申请[/size][/b],1,2,2000,1,
10513,[b][size=24]联盟人数已经达到上限，不能申请[/size][/b],1,2,2000,1,
10514,[b][size=24]您战队已经加入联盟了，请先退出联盟再申请[/size][/b],1,2,2000,1,
10515,[b][size=24]您已经申请过了， 请等待该联盟处理[/size][/b],1,2,2000,1,
10516,[b][size=24]您已经向{1}联盟发出了申请，请等待该联盟处理[/size][/b],1,2,2000,1,
10517,[b][size=24]只有盟主才可以接收战队[/size][/b],1,2,2000,1,
10518,[b][size=24]对方已经不在本联盟的申请列表了，请重新打开界面刷新[/size][/b],1,2,2000,1,
10519,[b][size=24]对方不是正式的战队，不能接收[/size][/b],1,2,2000,1,
10520,[b][size=24]对方已经加入联盟了[/size][/b],1,2,2000,1,
10521,[b][size=24]您的联盟的战队数量已经到达上限[/size][/b],1,2,2000,1,
10522,[b][size=24]您的联盟人数已经达到上限[/size][/b],1,2,2000,1,
10523,[b][size=24]您拒绝{1}加入您的联盟[/size][/b],1,2,2000,1,
10524,[b][size=24]您不是联盟盟主，不能开除战队[/size][/b],1,2,2000,1,
10525,[b][size=24]该玩家不在战队[/size][/b],1,2,2000,1,
10526,[b][size=24]该玩家不在本联盟[/size][/b],1,2,2000,1,
10527,[b][size=24]对方不是战队队长，不能开除，开除战队队长，其战队所有成员都退出联盟[/size][/b],1,2,2000,1,
10528,[b][size=24]开除{1}成功[/size][/b],1,2,2000,1,
10529,[b][size=24]您不是联盟盟主，不能开除战队或成员[/size][/b],1,2,2000,1,
10530,[b][size=24]该玩家不在战队[/size][/b],1,2,2000,1,
10531,[b][size=24]该玩家不在本联盟[/size][/b],1,2,2000,1,
10532,[b][size=24]对方是战队队长或副队长，不能单独开除[/size][/b],1,2,2000,1,
10533,[b][size=24]每天最多仅能开除{1}个战队[/size][/b],1,2,2000,1,
10534,[b][size=24]开除{1}成功[/size][/b],1,2,2000,1,
10535,[b][size=24]只有盟主才可以修改宣言[/size][/b],1,2,2000,1,
10536,[b][size=24]只有盟主才可以修改公告[/size][/b],1,2,2000,1,
10537,[b][size=24]找不到联盟[*{1}*][/size][/b],1,2,2000,1,
10538,[b][size=24]联盟不存在[/size][/b],1,2,2000,1,
10539,[b][size=24]已经是最后一页了[/size][/b],1,2,2000,1,
10540,[b][size=24]盟主不能退出联盟，请把盟主任命给其他长老后再退出[/size][/b],1,2,2000,1,
10541,[b][size=24]您不是战队队长，不能退出联盟，战队队长一旦退出联盟，整个战队的成员都离开联盟[/size][/b],1,2,2000,1,
10542,[b][size=24]加入联盟，才可请求[/size][/b],1,2,2000,1,
10543,[b][size=24]只可操作自己联盟基因碎片信息[/size][/b],1,2,2000,1,
10544,[b][size=24]不可重复请求支援[/size][/b],1,2,2000,1,
10545,[b][size=24]请求支援冷却中[/size][/b],1,2,2000,1,
10546,[b][size=24]申请捐赠的基因碎片需要是自已已经拥有的英雄而不是临时英雄[/size][/b],1,2,2000,1,
10547,[b][size=24]请求捐献已达次数今日上限[/size][/b],1,2,2000,1,
10548,[b][size=24]你已捐献太多，请明日再试[/size][/b],1,2,2000,1,
10549,[b][size=24]单次捐献已达上限[/size][/b],1,2,2000,1,
10550,[b][size=24]加入联盟，才可捐赠[/size][/b],1,2,2000,1,
10551,[b][size=24]只可对本联盟玩家捐赠基因碎片[/size][/b],1,2,2000,1,
10552,[b][size=24]捐赠基因碎片成功，增加{1}金币[/size][/b],1,2,2000,1,
10553,[b][size=24]{1}向你捐赠了{2}枚基因碎片[/size][/b],1,2,2000,1,
10554,[b][size=24]捐赠信息已改变，请重新刷新再试[/size][/b],1,2,2000,1,
10555,[b][size=24]不能给自己捐赠[/size][/b],1,2,2000,1,
10556,[b][size=24]创建联盟成功[/size][/b],1,2,2000,1,
10557,[b][size=24]{1}拒绝了您的加入请求[/size][/b],1,2,2000,1,
10558,[size=24]{1}[/size],1,2,2000,1,
10559,[b][size=24]你已经有联盟了，不能创建联盟[/size][/b],1,2,2000,1,
10560,[b][size=24]加入战队后，请加入一个联盟[/size][/b],1,2,2000,1,
10561,[b][size=24]您的联盟已在解散状态了[/size][/b],1,2,2000,1,
10562,[b][size=24][{1}]解散了联盟，{2}天后您的联盟将会解散[/size][/b],1,2,2000,1,
10563,[b][size=24][{1}]取消解散联盟[/size][/b],1,2,2000,1,
10564,[b][size=24][{1}]战队加入了联盟[/size][/b],1,2,2000,1,
10565,[b][size=24]您的联盟已经解散了[/size][/b],1,2,2000,1,
10566,[b][size=24][{1}]被[{2}]踢出战队[/size][/b],1,2,2000,1,
10567,发布捐赠请求'[herocard id={1}][/herocard]，'[showwnd color=255+234+0 type=clandonate]前往捐赠[/showwnd],1,,,1,
10568,向你捐赠了{1}枚'[herocard id={2}][/herocard]基因碎片,1,,,1,
10569,[b][size=24]您战队被踢出{1}联盟[/size][/b],1,2,2000,1,
10570,[b][size=24]只有盟主才可以任命职位[/size][/b],1,2,2000,1,
10571,[b][size=24]不能任命自己职位[/size][/b],1,2,2000,1,
10572,[b][size=24]对方不是战队队长，不能任命他为盟主[/size][/b],1,2,2000,1,
10573,[b][size=24]您被任命为{1}[/size][/b],1,2,2000,1,
10574,[b][size=24]任命[{1}]为{2}成功[/size][/b],1,2,2000,1,
10575,[b][size=24]联盟名字含有屏蔽字符[{1}][/size][/b],1,2,2000,1,
10576,[b][size=24]联盟口号含有屏蔽字符[{1}][/size][/b],1,2,2000,1,
10577,盟主[{1}]发布【{2}】，战队队长可{3}[legendcup color=255+255+255 cupid={4}]点击报名[/legendcup]({5}/{6}),1,1,,1,
10578,正在进行联盟【{1}】杯{2}强争夺赛，{3}[legendcup color=255+255+255 cupid={4}]点击查看[/legendcup],1,1,,1,
10579,[b][size=24]联盟公告含有敏感字符，请修改后重试 [/size][/b],1,2,2000,1,
10580,[b][size=24]修改接受成员设置[/size][/b],1,2,2000,1,
10581,[b][size=24]该联盟正在解散状态，不允许加入[/size][/b],1,2,2000,1,
10582,[b][size=24]您的等级不足{1}级[/size][/b],1,2,2000,1,
10583,[b][size=24]您的金币不足{1}[/size][/b],1,2,2000,1,
10584,[b][size=24]请选中一个联盟[/size][/b],1,2,2000,1,
10585,[b][size=24]请输入联盟名字[/size][/b],1,2,2000,1,
10586,[b][size=24]对方已经有联盟，邀请失败[/size][/b],1,2,2000,1,
10587,[b][size=24]战队队长不在线，请稍后再试[/size][/b],1,2,2000,1,
10588,联盟杯赛已达到免费要求，请盟主{1}[createclancupwnd color=255+255+255]前往发布[/createclancupwnd]!,1,1,,1,
10589,联盟杯赛已达到发布条件，请盟主发布!,1,1,,1,
11001,[b][size=24]金币不足，请参与战场获得[/size][/b],1,2,2000,1,
11002,[b][size=24]基因碎片不足，请参与战场获得[/size][/b],1,2,2000,1,
11003,[b][size=24]英雄已达到最高评级[/size][/b],1,2,2000,1,
11004,[b][size=24]请购买英雄后再晋级[/size][/b],1,2,2000,1,
11005,[b][size=24]购买英雄成功，消耗{1}绑定金币[/size][/b],1,2,2000,1,
11006,[b][size=24]你已经拥有了该英雄[/size][/b],1,2,2000,1,
11007,[b][size=24]切换英雄成功[/size][/b],1,2,2000,1,
11008,[b][size=24]购买英雄失败，你的绑金不足{1}金币[/size][/b],1,2,2000,1,
11009,[b][size=24]飞行状态下不能切换英雄[/size][/b],1,2,2000,1,
11010,[b][size=24]累加数据无对应单场战绩信息[/size][/b],1,2,2000,1,
11011,[b][size=24]该数据暂无对应战绩信息[/size][/b],1,2,2000,1,
11012,[b][size=24]决斗状态下不能切换英雄[/size][/b],1,2,2000,1,
11013,[b][size=24]等待进入房间无法进行该操作！[/size][/b],1,2,2000,1,
11014,[b][size=24]宝石页名字含有屏蔽字符[/size][/b],1,2,2000,1,
11015,[b][size=24]请稍候再试[/size][/b],1,2,2000,1,
11016,[b][size=24]您需要先解锁英雄[/size][/b],1,2,2000,1,
11017,[b][size=24]您需要先解锁皮肤[/size][/b],1,2,2000,1,
11018,[b][size=24]请选择一个皮肤进行切换[/size][/b],1,2,2000,1,
11019,[b][size=24]请不要切换相同皮肤[/size][/b],1,2,2000,1,
11020,[b][size=24]完成英雄基因强化，让他变的更强[/size][/b],1,2,2000,1,
11021,[b][size=24]您的英雄还不符合基因强化要求，可以通过完成每日任务加快进度[/size][/b],1,2,2000,1,
11022,[b][size=24]不能查看电脑英雄[/size][/b],1,2,2000,1,
11023,[b][size=24]当前状态不可切换英雄[/size][/b],1,2,2000,1,
11024,您已成功充值点券{1},1,5,,1,充值成功
12001,[b][size=24]服务器繁忙，请稍候邀请组队...[/size][/b],1,2,2000,1,
12002,[b][size=24]对方玩家已经不在线！无法组队！[/size][/b],1,2,2000,1,
12003,[b][size=24]对方已有队伍！[/size][/b],1,2,2000,1,
12004,[b][size=24]您正等候此玩家响应上次请求，请稍候再次请求！[/size][/b],1,2,2000,1,
12005,[b][size=24]您所在的队伍已满，无法加入新队员！[/size][/b],1,2,2000,1,
12006,[b][size=24][{1}]的等级低于团队等级限制，无法邀请加入！[/size][/b],1,2,2000,1,
12007,[b][size=24]您的团设置了禁止入团，无法邀请加入！[/size][/b],1,2,2000,1,
12008,[b][size=24]已向对方发送了邀请请求，请耐心等待对方响应！[/size][/b],1,2,2000,1,
12009,[b][size=24]玩家[{1}]已经不在线！无法响应你的请求！[/size][/b],1,2,2000,1,
12010,[b][size=24]对不起，[{1}]拒绝了您的邀请组队请求！[/size][/b],1,2,2000,1,
12011,[b][size=24]对不起，[{1}]设置了[拒绝组队]，自动拒绝您的邀请组队请求！[/size][/b],1,2,2000,1,
12012,[b][size=24]对不起，[{1}]已有队伍，邀请组队失败！[/size][/b],1,2,2000,1,
12013,[b][size=24]对不起，你已有队伍，加入他人队伍失败！[/size][/b],1,2,2000,1,
12014,[b][size=24]对不起，[{1}]已有队伍，并且队伍已满！[/size][/b],1,2,2000,1,
12015,[b][size=24]对不起，[{1}]已有队伍，无法加入！[/size][/b],1,2,2000,1,
12016,[b][size=24]对不起，队伍已解散，加入队伍失败！[/size][/b],1,2,2000,1,
12017,[b][size=24]对不起，队伍已满，加入队伍失败！[/size][/b],1,2,2000,1,
12018,[b][size=24]对不起，队伍已满，邀请[{1}]入队失败！[/size][/b],1,2,2000,1,
12019,[b][size=24]对不起，因队长不在线，请稍候再申请加入！[/size][/b],1,2,2000,1,
12020,[b][size=24]对不起，因队长不在线，邀请[{1}]入队失败，请稍候再邀请加入[/size][/b],1,2,2000,1,
12021,[b][size=24]已提交队长批准您的入队请求，请耐心等待！[/size][/b],1,2,2000,1,
12022,[b][size=24]对不起，等待队长批准您入队请求的队伍已解散！[/size][/b],1,2,2000,1,
12023,[b][size=24]对不起，队长拒绝您的入队请求！[/size][/b],1,2,2000,1,
12024,[b][size=24]对不起，您刚批准的[{1}]已不在线，加入队伍失败！[/size][/b],1,2,2000,1,
12025,[b][size=24]对不起，您刚批准的角色已加入其他队伍，加入队伍失败！[/size][/b],1,2,2000,1,
12026,[b][size=24]对不起，您已离开了队伍，本次批准无效！[/size][/b],1,2,2000,1,
12027,[b][size=24]对不起，队长中途离开队伍，请您再次申请加入！[/size][/b],1,2,2000,1,
12028,[b][size=24]对不起，您已更换了队伍，本次批准无效！[/size][/b],1,2,2000,1,
12029,[b][size=24]对不起，队长中途更换队伍，请您再次申请加入！[/size][/b],1,2,2000,1,
12030,[b][size=24]您刚被邀请的队伍已满，加入队伍失败！[/size][/b],1,2,2000,1,
12031,[b][size=24]您所在的队伍已满，[{1}]无法加入队伍！[/size][/b],1,2,2000,1,
12032,[b][size=24]已提交给对方批准您的入队请求，请耐心等待！[/size][/b],1,2,2000,1,
12033,[b][size=24]对不起，[{1}]已不在线，无法响应您的组队请求！[/size][/b],1,2,2000,1,
12034,[b][size=24]对不起，[{1}]拒绝了您的组队请求！[/size][/b],1,2,2000,1,
12035,[b][size=24]对不起，[{1}]设置了[拒绝组队]，自动拒绝您的请求！[/size][/b],1,2,2000,1,
12036,[b][size=24]已提交给对方队长批准，请耐心等待！[/size][/b],1,2,2000,1,
12037,[b][size=24]对不起，[{1}]已不在线，无法响应您的组队请求！[/size][/b],1,2,2000,1,
12038,[b][size=24]对不起，您的队伍已满，无法加入更多角色！[/size][/b],1,2,2000,1,
12039,[b][size=24]对不起，对方队伍已满，无法加入更多角色！[/size][/b],1,2,2000,1,
12040,[b][size=24]您申请组队的玩家不在线！[/size][/b],1,2,2000,1,
12041,[b][size=24]您正等候此队伍响应上次请求，请稍候再次请求！[/size][/b],1,2,2000,1,
12042,[b][size=24]您申请的队伍已满，无法申请加入新队伍！[/size][/b],1,2,2000,1,
12043,[b][size=24]队长不在线，请稍候申请加入[/size][/b],1,2,2000,1,
12044,[b][size=24]您的等级低于[{1}]所在团的等级限制，无法申请加入！[/size][/b],1,2,2000,1,
12045,[b][size=24]申请的团设置了禁止入团，无法申请加入！[/size][/b],1,2,2000,1,
12046,[b][size=24]您有队伍，需要申请别的队伍，需先退出队伍！[/size][/b],1,2,2000,1,
12047,[b][size=24]您有队伍，需要申请别的队伍，需先退出队伍，并且对方队伍现在已满！[/size][/b],1,2,2000,1,
12048,[b][size=24]请先左键选中一个组队目标！[/size][/b],1,2,2000,1,
12049,[b][size=24]请选择自己以外的组队目标！[/size][/b],1,2,4000,1,
12050,[b][size=24]目标目前无法进行组队操作[/size][/b],1,2,4000,1,
12051,发起了联盟组队，'[jointeam color=235+80+30 id={1} name={2}]点击加入[/jointeam],1,,,1,
12052,你已加入[{1}]的队伍，当前与队长不在一个线路，'[switchscene color=255+255+255 worldid={2} serverid={3} sceneid={4}]点击传送[/switchscene],1,,,1,
12053,[b][size=24]您已经退出了队伍！[/size][/b],1,2,4000,1,
12054,[b][size=24]你被队长从队伍中开除！[/size][/b],1,5,,1,队伍提示
12055,[b][size=24]您的队伍已经解散！[/size][/b],1,2,4000,1,
12056,[b][size=24]系统强制解散！[/size][/b],1,2,4000,1,
12057,[b][size=24]您已加入了当前队伍！[/size][/b],1,2,4000,1,
13001,[b][size=24]{1}[{2}]无法进行匹配操作！[/size][/b],1,2,2000,1,
13002,[b][size=24]您不是队长无法请求匹配操作[/size][/b],1,2,2000,1,
13003,[b][size=24]玩家[{1}]当前不在线![/size][/b],1,2,2000,1,
13004,[b][size=24]你已经提交了请求，请等待系统匹配！[/size][/b],1,2,2000,1,
13005,[b][size=24]请先退出比赛搜索！[/size][/b],1,2,2000,1,
13006,[b][size=24]搜索比赛失败，请稍后重试！[/size][/b],1,2,2000,1,
13007,[b][size=24]玩家[{1}]退出比赛匹配，请重新申请进入比赛！[/size][/b],1,2,2000,1,
13008,[b][size=24]请求比赛人数超过配置人数限制![/size][/b],1,2,2000,1,
13009,[b][size=24]正在恢复数据中无法请求，请稍后再试![/size][/b],1,2,2000,1,
13010,[b][size=24]玩家[{1}]在房间中无法申请匹配！[/size][/b],1,2,2000,1,
13011,[b][size=24]您在房间中无法申请匹配！[/size][/b],1,2,2000,1,
13012,[b][size=24]进入房间密码错误，请重试！[/size][/b],1,2,2000,1,
13013,[b][size=24]房间密码不能包含中文字符！[/size][/b],1,2,2000,1,
13014,[b][size=24]房间密码不能包含屏蔽字符！[/size][/b],1,2,2000,1,
13015,[b][size=24]房间密码太长！[/size][/b],,,,,
13016,[b][size=24]房间名不能包含屏蔽字符！[/size][/b],1,2,2000,1,
13017,[b][size=24]房间名太长！[/size][/b],1,2,2000,1,
13018,[b][size=24]房间名不能为空！[/size][/b],1,2,2000,1,
13019,[b][size=24]英雄无效，请重新选择！[/size][/b],1,2,2000,1,
13020,[b][size=24]没有足够选择的英雄[/size][/b],1,2,2000,1,
13021,[b][size=24]房间队伍人数足够，无法再进入房间！[/size][/b],1,2,2000,1,
13022,[b][size=24]无法进入房间！没有找到空闲的位置！[/size][/b],1,2,2000,1,
13023,[b][size=24]创建新手引导房间失败！[/size][/b],1,2,2000,1,
13024,[b][size=24]队伍在匹配中！无法申请匹配！[/size][/b],1,2,2000,1,
13025,[b][size=24]你选择的终结技未解锁[/size][/b],1,2,2000,1,
13026,[b][size=24]玩家[{1}]拒绝了比赛，请重新申请匹配！[/size][/b],1,2,2000,1,
13027,[b][size=24]有玩家拒绝了比赛，重新进入匹配！[/size][/b],1,2,2000,1,
13028,[b][size=24]房间已经不存在！[/size][/b],1,2,2000,1,
13029,[b][size=24]房间已经开始比赛无法加入！[/size][/b],1,2,2000,1,
13030,[b][size=24]房间人满无法加入！[/size][/b],1,2,2000,1,
13031,[b][size=24]当前状态无法接受邀请！[/size][/b],1,2,2000,1,
13032,{1}：申请禁选英雄({2}),1,1,2000,1,
13033,[b][size=24]您在队伍中，只有房主才能创建房间，想创建房间必须先退出队伍！[/size][/b],1,2,2000,1,
13034,[b][size=24]房间当前状态无法进入！[/size][/b],1,2,2000,1,
13035,[b][size=24]没有找到房间！请刷新房间！[/size][/b],1,2,2000,1,
13036,当前有玩家退出，你已经重新进入匹配！,1,5,,1,匹配提示
13037,最终禁用英雄:{1},1,1,2000,1,
13038,[b][size=24]您已经拒绝了比赛！[/size][/b],1,2,2000,1,
13039,创建房间失败！重新进入匹配！,1,5,,1,匹配提示
13040,[b][size=24]玩家{1}已经在匹配中！[/size][/b],1,2,2000,1,
13041,[b][size=24]您已经在匹配中！[/size][/b],1,2,2000,1,
13042,分组阵营失败，您已经重新进入匹配！,1,5,,1,匹配提示
13043,人数不够！无法开始比赛！重新进入匹配！,1,5,,1,匹配提示
13044,[b][size=24]您无法进行匹配操作[/size][/b],1,2,2000,1,
13045,[b][size=24]无法踢出该用户！[/size][/b],1,2,2000,1,
14001,[b][size=24]服务器繁忙，请稍后再试[/size][/b],1,2,2000,1,
14002,[b][size=24]物品数量已经达到上限[/size][/b],1,2,2000,1,
14003,[b][size=24]请重启客户端后再进行购买[/size][/b],1,2,2000,1,
14004,[b][size=24]购买失败，联系客服找回[/size][/b],1,2,2000,1,
14005,[b][size=24]购买成功[/size][/b],1,2,2000,1,
14006,{1}获得'[prize id={2}][/prize],1,1,,1,
14007,{1}获得{2},1,1,,1,
14008,{1}开启'[prize id={2}][/prize]获得{3},1,1,,1,
14009,[b][size=24]同类型增益效果的天数卡和次数卡不可同时使用[/size][/b],1,2,2000,1,
14010,[b][size=24]您剩余的刷新次数为0，请明天再试[/size][/b],1,2,2000,1,
14011,[b][size=24]刷新成功[/size][/b],1,2,2000,1,
15001,[b][size=24]个人排行榜设置成功[/size][/b],1,2,2000,1,
15002,[b][size=24]个人排行榜设置失败[/size][/b],1,2,2000,1,
16001,[b][size=24]角色名重复[/size][/b],1,2,2000,1,
16002,[b][size=24]修改角色名失败[/size][/b],1,2,2000,1,
16003,[b][size=24]修改角色名成功[/size][/b],1,2,2000,1,
16601,[b][size=24]充满能量[/size][/b],1,2,2000,1,
16602,[b][size=24]充能失败[/size][/b],1,2,2000,1,
16603,[b][size=24]充能成功核晶升级至{1}级[/size][/b],1,2,2000,1,
16604,[b][size=24]出售{1}核晶 获得{2}金币[/size][/b],1,2,2000,1,
16605,[b][size=24]请先放入主核晶[/size][/b],1,2,2000,1,
16606,[b][size=24]辅助核晶品级太高[/size][/b],1,2,2000,1,
16607,[b][size=24]主核晶必须是陈旧核晶[/size][/b],1,2,2000,1,
16608,[b][size=24]{1}倍暴击，能量提升{2}[/size][/b],1,2,2000,1,
16609,[b][size=24]能量提升{1}[/size][/b],1,2,2000,1,
16610,[b][size=24]右键点击宝石即可放入[/size][/b],1,2,2000,1,
16611,[b][size=24]不能出售陈旧宝石[/size][/b],1,2,2000,1,
16801,[b][size=24]被对方加入了黑名单[/size][/b],1,2,2000,1,
16802,[b][size=24]名称不能包含屏蔽字符！[/size][/b],1,2,2000,1,
16803,您的好友[{1}]已上线，'[switchscene color=255+255+255 worldid={2} serverid={3} sceneid={4}]点击传送[/switchscene],1,1,,1,
16804,[b][size=24]发送好友请求成功[/size][/b],1,2,2000,1,
16805,[b][size=24]该玩家已经是您的好友[/size][/b],1,2,2000,1,
16806,{1}拒绝添加您为好友,1,5,,1,拒绝添加好友
17001,[b][size=24]成功发布收徒信息！[/size][/b],1,2,2000,1,
17002,[b][size=24]成功发布拜师信息！[/size][/b],1,2,2000,1,
17003,[b][size=24]您对[{1}]发出了收徒申请，等待对方回复[/size][/b],1,2,2000,1,
17004,[b][size=24]您对[{1}]发出了拜师申请，等待对方回复[/size][/b],1,2,2000,1,
17005,[b][size=24][{1}]已经成为学徒了！[/size][/b],1,2,2000,1,
17006,[b][size=24][{1}]已经成为导师了！[/size][/b],1,2,2000,1,
17007,[b][size=24]您已经成为导师了！[/size][/b],1,2,2000,1,
17008,[b][size=24]您已经成为学徒了！[/size][/b],1,2,2000,1,
17009,[b][size=24][{1}]已有很多正式导师了，不能再增加了！[/size][/b],1,2,2000,1,
17010,[b][size=24][{1}]已有很多正式学徒了，不能再增加了！[/size][/b],1,2,2000,1,
17011,[b][size=24][{1}]已有很多见习导师了，不能再增加了！[/size][/b],1,2,2000,1,
17012,[b][size=24][{1}]已有很多见习学徒了，不能再增加了！[/size][/b],1,2,2000,1,
17013,[b][size=24][{1}]拒绝了您的收徒请求[/size][/b],1,2,2000,1,
17014,[b][size=24][{1}]已经不在线了，不能建立师徒关系了！[/size][/b],1,2,2000,1,
17015,[b][size=24]您的等级达到10级后才可以收徒！[/size][/b],1,2,2000,1,
17016,[b][size=24]您等级不够2级！[/size][/b],1,2,2000,1,
17017,[b][size=24]您已有很多正式导师了，不能再增加了！[/size][/b],1,2,2000,1,
17018,[b][size=24]您已有很多正式学徒了，不能再增加了！[/size][/b],1,2,2000,1,
17019,[b][size=24]您已有很多见习导师了，不能再增加了！[/size][/b],1,2,2000,1,
17020,[b][size=24]您已有很多见习学徒了，不能再增加了！[/size][/b],1,2,2000,1,
17021,[b][size=24][{1}]拒绝了您的拜师请求[/size][/b],1,2,2000,1,
17022,您成功与({1})建立师徒关系，自动将对方加为好友,1,1;2,2000,1,
17023,您成功与({1})建立师徒关系，自动将对方加为好友，'[switchscene color=255+255+255 worldid={2} serverid={3} sceneid={4}]点击传送[/switchscene],1,1,2000,1,
17024,[b][size=24]您发送请求过于频繁，请稍后再试[/size][/b],1,2,2000,1,
17025,[b][size=24]您对[{1}]发出了解除师徒关系申请，[{2}]小时后自动解除[/size][/b],1,2,2000,1,
17026,[b][size=24]您与[{1}]的师徒关系已解除[/size][/b],1,2,2000,1,
17027,[b][size=24]您与[{1}]的师徒关系已提升为正式师徒[/size][/b],1,2,2000,1,
17028,[b][size=24]您不能收自己为徒[/size][/b],1,2,2000,1,
17029,[b][size=24]您不能拜自己为师[/size][/b],1,2,2000,1,
17030,您的导师[{1}]已上线，'[buddychat color=255+255+255 userid={2}]点击聊天[/buddychat],1,1,,1,
17031,您的导师[{1}]已上线，'[buddychat color=255+255+255 userid={2}]点击聊天[/buddychat] '[switchscene color=255+255+255 worldid={3} serverid={4} sceneid={5}]点击传送[/switchscene],1,1,,1,
17032,您的学徒[{1}]已上线，'[buddychat color=255+255+255 userid={2}]点击聊天[/buddychat],1,1,,1,
17033,您的学徒[{1}]已上线，'[buddychat color=255+255+255 userid={2}]点击聊天[/buddychat] '[switchscene color=255+255+255 worldid={3} serverid={4} sceneid={5}]点击传送[/switchscene],1,1,,1,
17034,[b][size=24][{1}]对您发出了解除师徒关系申请，[{2}]小时后自动解除[/size][/b],1,2,2000,1,
17035,[b][size=24]师徒关系正在解除中[/size][/b],1,2,2000,1,
17036,[b][size=24]请选择收徒目标[/size][/b],1,2,2000,1,
17037,[b][size=24]请选择拜师目标[/size][/b],1,2,2000,1,
17201,[b][size=24]创建杯赛成功[/size][/b],1,2,2000,1,
17202,[b][size=24]您没有足够的金币创建比赛[/size][/b],1,2,2000,1,
17203,[b][size=24]报名时间已结束，无法申请参赛[/size][/b],1,2,2000,1,
17204,[b][size=24]你已参加比赛，无法重复申请参赛[/size][/b],1,2,2000,1,
17205,[b][size=24]无法移动到黑名单[/size][/b],1,2,2000,1,
17206,[b][size=24]黑名单已满，清删除一些队伍！[/size][/b],1,2,2000,1,
17207,[b][size=24]你不是战队队长，无法申请[/size][/b],1,2,2000,1,
17208,[b][size=24]当前已无法主动退出比赛申请[/size][/b],1,2,2000,1,
17209,[b][size=24]您没有该操作权限！请联系杯赛创建者！[/size][/b],1,2,2000,1,
17210,[b][size=24]队伍数量不满足！无法发布比赛！[/size][/b],1,2,2000,1,
17211,[b][size=24]无法同时参与相同类型的比赛，请先退出其他比赛申请！[/size][/b],1,2,2000,1,
17212,[b][size=24]参赛密码不对！请重试！[/size][/b],1,2,2000,1,
17213,[b][size=24]比赛已经结束，无法调整时间[/size][/b],1,2,2000,1,
17214,[b][size=24]结束时间小于当前时间无法调整[/size][/b],1,2,2000,1,
17215,[b][size=24]您被杯赛创建者拉黑了，无法再次申请！[/size][/b],1,2,2000,1,
17216,[b][size=24]取消比赛申请成功！[/size][/b],1,2,2000,1,
17217,[b][size=24]您没有申请该比赛！[/size][/b],1,2,2000,1,
17218,[b][size=24]申请比赛战队已经满员！[/size][/b],1,2,2000,1,
17219,[b][size=24]加入杯赛申请成功！[/size][/b],1,2,2000,1,
17220,[b][size=24]您的战队等级不够！[/size][/b],1,2,2000,1,
17221,[b][size=24]比赛或者结束状态无法裁定！[/size][/b],1,2,2000,1,
17222,[b][size=24]比赛裁定成功！[/size][/b],1,2,2000,1,
17223,[b][size=24]请在比赛进场时间内进入房间！[/size][/b],1,2,2000,1,
17224,[b][size=24]您的战队与参赛战队不匹配！[/size][/b],1,2,2000,1,
17225,[b][size=24]你不是被记录的参赛成员，无法参加比赛！[/size][/b],1,2,2000,1,
17226,[b][size=24]请选择一个杯赛[/size][/b],1,2,2000,1,
17227,[b][size=24]请输入杯赛名称[/size][/b],1,2,2000,1,
17228,[b][size=24]请输入参赛密码[/size][/b],1,2,2000,1,
17229,[b][size=24]请用鼠标左键选择一场比赛[/size][/b],1,2,2000,1,
17230,[b][size=24]请选择一个杯赛比赛记录[/size][/b],1,2,2000,1,
17231,[b][size=24]您不是创建者的联盟成员无法申请！[/size][/b],1,2,2000,1,
17232,[b][size=24]没有联盟不能创建联盟杯赛，您可以修改联盟限定选项！[/size][/b],1,2,2000,1,
17233,[b][size=24]无法重复创建杯赛！[/size][/b],1,2,2000,1,
17234,[b][size=24]线上无法发布比赛[/size][/b],1,2,2000,1,
17235,[b][size=24]比赛名称长度错误，请修改后重试[/size][/b],1,2,2000,1,
17236,[b][size=24]比赛名称含有敏感字符，请修改后重试[/size][/b],1,2,2000,1,
17237,[b][size=24]已经裁定的比赛！无法重复裁定比赛！[/size][/b],1,2,2000,1,
17238,[b][size=24]对方弃权了，我方获胜！[/size][/b],1,2,2000,1,
17239,[b][size=24]出资奖励不能小于0！[/size][/b],1,2,2000,1,
17240,[b][size=24]没有足够的出资奖励金币！[/size][/b],1,2,2000,1,
17241,[b][size=24]没有足够的报名金币！[/size][/b],1,2,2000,1,
17242,[b][size=24]未进行比赛，无法重置比赛[/size][/b],1,2,2000,1,
17243,[b][size=24]未进行比赛，无法确认比赛[/size][/b],1,2,2000,1,
17244,[b][size=24]请选择一个裁定方案[/size][/b],1,2,2000,1,
17245,[b][size=24]判定失败！请重新打开界面！[/size][/b],1,2,2000,1,
17246,[b][size=24]杯赛参与人数不够，暂不能开启！[/size][/b],1,2,2000,1,
17247,[b][size=24]请选择一个杯赛类型[/size][/b],1,2,2000,1,
17248,[b][size=24]不是盟主无法创建联盟杯赛！[/size][/b],1,2,2000,1,
17249,[b][size=24][/size]联盟活跃度达到[{1}]才可以创建杯赛！[/b],1,2,2000,1,
17250,[b][size=24]需要盟主创建比赛[/size][/b],1,2,2000,1,
17251,[b][size=24]非确定参赛队伍状态，无法发布比赛！[/size][/b],1,2,2000,1,
17252,你的战队正在参加杯赛【{1}】，{2}[legendcup color=255+255+255 cupid={3}]点击查看[/legendcup]！,1,1,,1,
17253,[b][size=24]线上战队比赛对战必须结束才能裁定比赛！[/size][/b],1,2,2000,1,
17254,[b][size=24]请选择有效的队伍！[/size][/b],1,2,2000,1,
17255,[b][size=24]相同结果无需重复重置比赛！[/size][/b],1,2,2000,1,
17256,[b][size=24]线上比赛开始无法裁定比赛！[/size][/b],1,2,2000,1,
17257,[b][size=24]选择重赛的时间不能小于当前时间[/size][/b],1,2,2000,1,
17258,[b][size=24]选择重赛时间不能超过可重置比赛时间点[/size][/b],1,2,2000,1,
17259,[b][size=24]不是当前比赛轮数，无法重置！[/size][/b],1,2,2000,1,
17260,[b][size=24]请输出正确的时间！[/size][/b],1,2,2000,1,
17261,[b][size=24]重置比分有误，单个战队得分 【{1}】分 就能决出胜负！[/size][/b],1,2,2000,1,
17262,[b][size=24]重置比分有误，总分必须小于 【{1}】分 就能决出胜负！[/size][/b],1,2,2000,1,
17263,杯赛时间到！参赛队员需前往参加杯赛【{1}】，{2}[legendcup color=255+255+255 cupid={3}]点击查看[/legendcup]！,1,1,,1,
17264,[b][size=24]出资奖金不能小于0！[/size][/b],1,1,,1,
17265,[b][size=24]报名比赛设置不能小于0！[/size][/b],1,1,,1,
17266,[b][size=24]未进行比赛，无法查看比赛[/size][/b],1,2,2000,1,
17267,恭喜你获得胜利，杯赛已经结束，请等待发放奖励！,1,5,,1,杯赛提示
17268,小输一局，再接再厉，杯赛已经结束，请等待发放奖励！,1,5,,1,杯赛提示
17269,恭喜你获得胜利<br>下场比赛开始时间为【{1}】分钟后，请准时参加！,1,5,,1,杯赛提示
17270,小输一局，再接再厉<br>下场比赛开始时间为【{1}】分钟后，请准时参加！,1,5,,1,杯赛提示
17271,恭喜你获得胜利<br>请注意下一场比赛的时间是：【{1}月{2}日 {3}:{4}分】,1,5,,1,杯赛提示
17272,小输一局，再接再厉<br>请注意下一场比赛的时间是：【{1}月{2}日 {3}:{4}分】,1,5,,1,杯赛提示
17273,线下比赛完成，您可以通知举办人裁定比赛！,1,5,,1,杯赛提示
17274,恭喜你获得胜利，等待小组赛结算！<br>若战队晋级下一场比赛时间:【{1}月{2}日 {3}:{4}分】请注意参赛时间！,1,5,,1,杯赛提示
17275,小输一局，再接再厉，等待小组赛结算！<br>若战队晋级下一场比赛时间:【{1}月{2}日 {3}:{4}分】请注意参赛时间！,1,5,,1,杯赛提示
17276,[b][size=24]创建杯赛报名经费不能少于1000，请修改后重试[/size][/b],1,2,2000,1,
17277,恭喜你获得胜利，等待淘汰赛结算！<br>若战队晋级下一场比赛时间:【{1}月{2}日 {3}:{4}分】请注意参赛时间！,1,5,,1,杯赛提示
17278,小输一局，再接再厉，等待淘汰赛结算！<br>若战队晋级下一场比赛时间:【{1}月{2}日 {3}:{4}分】请注意参赛时间！,1,5,,1,杯赛提示
17279,您战队参加的比赛已经被举办人确定，前去查看杯赛结果！,1,5,,1,杯赛提示
17280,【{1}】 与 【{2}】 的比赛已打完，请前往确定比赛,1,5,,1,杯赛提示
17281,[b][size=24]联盟比赛不能设置参赛密码！！[/size][/b],1,2,2000,1,
17282,[b][size=24]申请加入比赛金币超过最高限制【{1}】，请重新修改！[/size][/b],1,2,2000,1,
17283,[b][size=24]您不是创建者！无法结束报名！[/size][/b],1,2,2000,1,
17284,[b][size=24]线上杯赛无法提前结束报名！[/size][/b],1,2,2000,1,
17285,[b][size=24]不在报名阶段，无法结束报名！[/size][/b],1,2,2000,1,
17286,杯赛【{1}】({2}/{3})正在火热进行中，报名费用金币{4}，{5}[createinvitelegendcup color=255+255+255 cupid={6}]点击报名[/createinvitelegendcup],1,1,,1,
17401,[b][size=24]您当前金币已达上限，邮件附件暂不能提取！[/size][/b],1,2,2000,1,
17402,[b][size=24]您当前宝箱数已达上限，邮件附件暂不能提取！[/size][/b],1,2,2000,1,
17403,[b][size=24]正在提取邮件附件，请稍后！[/size][/b],1,2,2000,1,
17404,[b][size=24]正在快速取件中，请稍后！[/size][/b],1,2,2000,1,
17405,[b][size=24]当前没有邮件附件可领取！[/size][/b],1,2,2000,1,
17406,[b][size=24]收取附件成功，请确认！[/size][/b],1,2,2000,1,
18001,[b][size=24]此任务不可删除[/size][/b],1,2,2000,1,
18002,[b][size=24]今日可接任务已达上限[/size][/b],1,2,2000,1,
18003,[b][size=24]每天仅能更换一次任务[/size][/b],1,2,2000,1,
18004,[b][size=24]更换任务成功[/size][/b],1,2,2000,1,
18005,[b][size=24]该时段可发送信号已达上限[/size][/b],1,2,2000,1,
18006,[b][size=24]该时段找不到可接收的信号[/size][/b],1,2,2000,1,
18007,[b][size=24]信号搜索中，请稍后...[/size][/b],1,2,2000,1,
18008,[b][size=24]未搜索到信号，请重试[/size][/b],1,2,2000,1,
18009,[b][size=24]请输入回复文字[/size][/b],1,2,2000,1,
18010,[b][size=24]回复过于频繁，请5秒后再试..[/size][/b],1,2,2000,1,
18011,[b][size=24]当天剩余充能次数已用完，请明天再试[/size][/b],1,2,2000,1,
18012,[b][size=24]点券不足，无法充能[/size][/b],1,2,2000,1,
18013,[b][size=24]发送信号成功[/size][/b],1,2,2000,1,
18014,[b][size=24]搜索信号次数已用完，请充能后再试[/size][/b],1,2,2000,1,
18015,[b][size=24]你存储的信号太多了，请完成或删除后再试[/size][/b],1,2,2000,1,
18016,[b][size=24]搜索不到任何信号，请先完成已有信号或晚一点再搜索[/size][/b],1,2,2000,1,
18017,[b][size=24]回复含有敏感字符，请修改后重试[/size][/b],1,2,2000,1,
18018,[b][size=24]心情话语含有敏感字符，请修改后重试[/size][/b],1,2,2000,1,
18019,[b][size=24]请确定获取一个信号再进行操作[/size][/b],1,2,2000,1,
20000,[b][size=24]{1}[/size][/b],1,2,2000,1,
20001,[b][size=24]进入房间失败，密码错误[/size][/b],1,2,2000,1,
20002,[b][size=24]切换过于频繁，请[{1}]秒后再试[/size][/b],1,3,2000,1,
20003,[b][size=24]进入[{1}]频道！[/size][/b],1,3,2000,1,
21001,[b][size=24]已与服务器断开连接...[/size][/b],1,2,6000,1,
21002,[b][size=24]该线路人数已满[/size][/b],1,2,2000,1,
21201,[b][size=24]请选择一名本命英雄[/size][/b],1,2,2000,1,
21202,[b][size=24]觉醒5名英雄后才可以替换现有本命英雄[/size][/b],1,2,2000,1,
21301,[b][size=24]复制成功[/size][/b],1,2,2000,1,
21501,[b][size=24]当前不能换线[/size][/b],1,2,2000,1,
100001,[b][size=24]排位赛仅在每天12至14点、19至22点开启[/size][/b],1,2,2000,1,
100002,[b][size=24][{1}]拥有意识觉醒体（5）的英雄没有达到数量[/size][/b],1,2,2000,1,
100003,[b][size=24]您需要达到10级并拥有5名意识觉醒体（5）的英雄才能参加排位赛[/size][/b],1,2,2000,1,
100004,[b][size=24][{1}]的等级需要达到10级才能参与排位赛[/size][/b],1,2,2000,1,
100005,[b][size=24]您需要达到10级并拥有5名意识觉醒体（5）的英雄才能参加排位赛[/size][/b],1,2,2000,1,
100006,[b][size=24]联盟内拥有20名5级以上的玩家才可以发起联盟杯赛[/size][/b],1,2,2000,1,
100007,[b][size=24]正在装弹（右键主动）[/size][/b],1,2,2000,1,
100008,公平排位赛已经开启，本次活动将在14点结束，请注意及时参与,1,1,,1,
100009,公平排位赛已经开启，本次活动将在22点结束，请注意及时参与,1,1,,1,
100010,本次公平排位赛已经结束，下一次活动将在19点开始，请注意及时参与,1,1,,1,
100011,本次公平排位赛已经结束，下一次活动将在明天12点开始，请注意及时参与,1,1,,1,
100012,[b][size=24]非战斗状态才能使用该技能[/size][/b],1,2,2000,1,
100013,[b][size=24]只能在战斗状态使用该技能[/size][/b],1,2,2000,1,
100014,[b][size=24]连跳次数达到上限，3秒后可以再次使用[/size][/b],1,2,3000,1,
100015,[b][size=24]联盟周活跃度达到800，拥有80名或更多5级以上玩家，才能发起该比赛[/size][/b],1,2,3000,1,
100016,[b][size=24]联盟周活跃度达到800，拥有80名或更多5级以上玩家，才能发起该比赛[/size][/b],1,2,3000,1,
100017,[b][size=24]联盟周活跃度达到600，拥有40名或更多5级以上玩家，才能发起该比赛[/size][/b],1,2,3000,1,
100018,[b][size=24]联盟周活跃度达到400，拥有20名或更多5级以上玩家，才能发起该比赛[/size][/b],1,2,3000,1,
100019,[b][size=24]联盟周活跃度达到200，拥有20名或更多5级以上玩家，才能发起该比赛[/size][/b],1,2,3000,1,
100020,[b][size=24]生命值不足20%，无法释放技能[/size][/b],1,2,3000,1,
100021,[b][size=24]获得生命能量，点击2号键可以回复生命值[/size][/b],1,2,3000,1,
100022,[b][size=24]获得隐身神符，点击3号键可以进入隐身状态[/size][/b],1,2,3000,1,
